service_id,category_en,category_am,service_en,service_am,search_behavior,ui_visibility
S0001,Plumbing,የውሃ እና ቧንቧ ስራ,Fix leaking faucet,የሚያንጠባጥብ ቧንቧን ያስተካክሉ,exact + prefix + fuzzy + synonym + Amharic + English transliteration,search/category results; not all shown on Home
S0002,Plumbing,የውሃ እና ቧንቧ ስራ,Fix leaking pipe,የሚፈሰውን ቧንቧ ያስተካክሉ,exact + prefix + fuzzy + synonym + Amharic + English transliteration,search/category results; not all shown on Home
S0003,Plumbing,የውሃ እና ቧንቧ ስራ,Fix burst pipe,የፈነዳ ቧንቧን አስተካክል።,exact + prefix + fuzzy + synonym + Amharic + English transliteration,search/category results; not all shown on Home
S0004,Plumbing,የውሃ እና ቧንቧ ስራ,Unclog sink,ማጠቢያ ገንዳውን ይክፈቱ,exact + prefix + fuzzy + synonym + Amharic + English transliteration,search/category results; not all shown on Home
S0005,Plumbing,የውሃ እና ቧንቧ ስራ,Unclog toilet,መጸዳጃ ቤትን ይክፈቱ,exact + prefix + fuzzy + synonym + Amharic + English transliteration,search/category results; not all shown on Home
S0006,Plumbing,የውሃ እና ቧንቧ ስራ,Unclog shower drain,የገላ መታጠቢያ ገንዳውን ይክፈቱ,exact + prefix + fuzzy + synonym + Amharic + English transliteration,search/category results; not all shown on Home
S0007,Plumbing,የውሃ እና ቧንቧ ስራ,Repair toilet,የመጸዳጃ ቤት ጥገና,exact + prefix + fuzzy + synonym + Amharic + English transliteration,search/category results; not all shown on Home
S0008,Plumbing,የውሃ እና ቧንቧ ስራ,Install toilet,መጸዳጃ ቤት ይጫኑ,exact + prefix + fuzzy + synonym + Amharic + English transliteration,search/category results; not all shown on Home
S0009,Plumbing,የውሃ እና ቧንቧ ስራ,Replace toilet seat,የሽንት ቤት መቀመጫን ይተኩ,exact + prefix + fuzzy + synonym + Amharic + English transliteration,search/category results; not all shown on Home
S0010,Plumbing,የውሃ እና ቧንቧ ስራ,Repair water heater,የውሃ ማሞቂያ መጠገን,exact + prefix + fuzzy + synonym + Amharic + English transliteration,search/category results; not all shown on Home
S0011,Plumbing,የውሃ እና ቧንቧ ስራ,Install water heater,የውሃ ማሞቂያ መትከል,exact + prefix + fuzzy + synonym + Amharic + English transliteration,search/category results; not all shown on Home
S0012,Plumbing,የውሃ እና ቧንቧ ስራ,Repair water pump,የውሃ ፓምፕን መጠገን,exact + prefix + fuzzy + synonym + Amharic + English transliteration,search/category results; not all shown on Home
S0013,Plumbing,የውሃ እና ቧንቧ ስራ,Install water pump,የውሃ ፓምፕ ይጫኑ,exact + prefix + fuzzy + synonym + Amharic + English transliteration,search/category results; not all shown on Home
S0014,Plumbing,የውሃ እና ቧንቧ ስራ,Repair pressure pump,የግፊት ፓምፕ ጥገና,exact + prefix + fuzzy + synonym + Amharic + English transliteration,search/category results; not all shown on Home
S0015,Plumbing,የውሃ እና ቧንቧ ስራ,Install pressure pump,የግፊት ፓምፕ ይጫኑ,exact + prefix + fuzzy + synonym + Amharic + English transliteration,search/category results; not all shown on Home
S0016,Plumbing,የውሃ እና ቧንቧ ስራ,Repair water tank,የውሃ ማጠራቀሚያ መጠገን,exact + prefix + fuzzy + synonym + Amharic + English transliteration,search/category results; not all shown on Home
S0017,Plumbing,የውሃ እና ቧንቧ ስራ,Install water tank,የውሃ ማጠራቀሚያ መትከል,exact + prefix + fuzzy + synonym + Amharic + English transliteration,search/category results; not all shown on Home
S0018,Plumbing,የውሃ እና ቧንቧ ስራ,Clean water tank,ንጹህ የውሃ ማጠራቀሚያ,exact + prefix + fuzzy + synonym + Amharic + English transliteration,search/category results; not all shown on Home
S0019,Plumbing,የውሃ እና ቧንቧ ስራ,Install kitchen sink,የወጥ ቤት ማጠቢያ መትከል,exact + prefix + fuzzy + synonym + Amharic + English transliteration,search/category results; not all shown on Home
S0020,Plumbing,የውሃ እና ቧንቧ ስራ,Repair kitchen sink,የወጥ ቤት ማጠቢያ ማጠግን,exact + prefix + fuzzy + synonym + Amharic + English transliteration,search/category results; not all shown on Home
S0021,Plumbing,የውሃ እና ቧንቧ ስራ,Install bathroom sink,የመታጠቢያ ገንዳውን ይጫኑ,exact + prefix + fuzzy + synonym + Amharic + English transliteration,search/category results; not all shown on Home
S0022,Plumbing,የውሃ እና ቧንቧ ስራ,Repair bathroom sink,የመታጠቢያ ገንዳውን መጠገን,exact + prefix + fuzzy + synonym + Amharic + English transliteration,search/category results; not all shown on Home
S0023,Plumbing,የውሃ እና ቧንቧ ስራ,Install shower,ሻወር ጫን,exact + prefix + fuzzy + synonym + Amharic + English transliteration,search/category results; not all shown on Home
S0024,Plumbing,የውሃ እና ቧንቧ ስራ,Repair shower,ገላውን መጠገን,exact + prefix + fuzzy + synonym + Amharic + English transliteration,search/category results; not all shown on Home
S0025,Plumbing,የውሃ እና ቧንቧ ስራ,Install bathtub,የመታጠቢያ ገንዳ ጫን,exact + prefix + fuzzy + synonym + Amharic + English transliteration,search/category results; not all shown on Home
S0026,Plumbing,የውሃ እና ቧንቧ ስራ,Repair bathtub,የመታጠቢያ ገንዳውን መጠገን,exact + prefix + fuzzy + synonym + Amharic + English transliteration,search/category results; not all shown on Home
S0027,Plumbing,የውሃ እና ቧንቧ ስራ,Install bidet,bidet ጫን,exact + prefix + fuzzy + synonym + Amharic + English transliteration,search/category results; not all shown on Home
S0028,Plumbing,የውሃ እና ቧንቧ ስራ,Install water filter,የውሃ ማጣሪያን ይጫኑ,exact + prefix + fuzzy + synonym + Amharic + English transliteration,search/category results; not all shown on Home
S0029,Plumbing,የውሃ እና ቧንቧ ስራ,Repair water filter,የውሃ ማጣሪያን መጠገን,exact + prefix + fuzzy + synonym + Amharic + English transliteration,search/category results; not all shown on Home
S0030,Plumbing,የውሃ እና ቧንቧ ስራ,Install water purifier,የውሃ ማጣሪያን ይጫኑ,exact + prefix + fuzzy + synonym + Amharic + English transliteration,search/category results; not all shown on Home
S0031,Plumbing,የውሃ እና ቧንቧ ስራ,Repair water purifier,የውሃ ማጣሪያን መጠገን,exact + prefix + fuzzy + synonym + Amharic + English transliteration,search/category results; not all shown on Home
S0032,Plumbing,የውሃ እና ቧንቧ ስራ,Install mixer tap,የማደባለቅ ቧንቧን ጫን,exact + prefix + fuzzy + synonym + Amharic + English transliteration,search/category results; not all shown on Home
S0033,Plumbing,የውሃ እና ቧንቧ ስራ,Repair mixer tap,የማደባለቅ ቧንቧን ይጠግኑ,exact + prefix + fuzzy + synonym + Amharic + English transliteration,search/category results; not all shown on Home
S0034,Plumbing,የውሃ እና ቧንቧ ስራ,Install drainage pipe,የፍሳሽ ማስወገጃ ቱቦ ይጫኑ,exact + prefix + fuzzy + synonym + Amharic + English transliteration,search/category results; not all shown on Home
S0035,Plumbing,የውሃ እና ቧንቧ ስራ,Repair drainage pipe,የፍሳሽ ማስወገጃ ቱቦን መጠገን,exact + prefix + fuzzy + synonym + Amharic + English transliteration,search/category results; not all shown on Home
S0036,Plumbing,የውሃ እና ቧንቧ ስራ,Install sewage pipe,የፍሳሽ ማስወገጃ ቱቦን ይጫኑ,exact + prefix + fuzzy + synonym + Amharic + English transliteration,search/category results; not all shown on Home
S0037,Plumbing,የውሃ እና ቧንቧ ስራ,Repair sewage pipe,የፍሳሽ ማስወገጃ ቱቦን መጠገን,exact + prefix + fuzzy + synonym + Amharic + English transliteration,search/category results; not all shown on Home
S0038,Plumbing,የውሃ እና ቧንቧ ስራ,Septic tank cleaning,የሴፕቲክ ማጠራቀሚያ ማጽዳት,exact + prefix + fuzzy + synonym + Amharic + English transliteration,search/category results; not all shown on Home
S0039,Plumbing,የውሃ እና ቧንቧ ስራ,Septic tank repair,የሴፕቲክ ማጠራቀሚያ ጥገና,exact + prefix + fuzzy + synonym + Amharic + English transliteration,search/category results; not all shown on Home
S0040,Plumbing,የውሃ እና ቧንቧ ስራ,Septic tank installation,የሴፕቲክ ማጠራቀሚያ መትከል,exact + prefix + fuzzy + synonym + Amharic + English transliteration,search/category results; not all shown on Home
S0041,Plumbing,የውሃ እና ቧንቧ ስራ,Drainage inspection,የፍሳሽ ምርመራ,exact + prefix + fuzzy + synonym + Amharic + English transliteration,search/category results; not all shown on Home
S0042,Plumbing,የውሃ እና ቧንቧ ስራ,Water leak detection,የውሃ ፍሳሽ መለየት,exact + prefix + fuzzy + synonym + Amharic + English transliteration,search/category results; not all shown on Home
S0043,Plumbing,የውሃ እና ቧንቧ ስራ,Water pressure diagnosis,የውሃ ግፊት ምርመራ,exact + prefix + fuzzy + synonym + Amharic + English transliteration,search/category results; not all shown on Home
S0044,Plumbing,የውሃ እና ቧንቧ ስራ,Plumbing inspection,የቧንቧ ምርመራ,exact + prefix + fuzzy + synonym + Amharic + English transliteration,search/category results; not all shown on Home
S0045,Electrical,የኤሌክትሪክ ስራ,Fix power outage in home,በቤት ውስጥ የኤሌክትሪክ መቆራረጥን ያስተካክሉ,exact + prefix + fuzzy + synonym + Amharic + English transliteration,search/category results; not all shown on Home
S0046,Electrical,የኤሌክትሪክ ስራ,Repair electrical wiring,የኤሌክትሪክ ሽቦን መጠገን,exact + prefix + fuzzy + synonym + Amharic + English transliteration,search/category results; not all shown on Home
S0047,Electrical,የኤሌክትሪክ ስራ,Install electrical wiring,የኤሌክትሪክ ሽቦን ይጫኑ,exact + prefix + fuzzy + synonym + Amharic + English transliteration,search/category results; not all shown on Home
S0048,Electrical,የኤሌክትሪክ ስራ,Repair socket,ጥገና ሶኬት,exact + prefix + fuzzy + synonym + Amharic + English transliteration,search/category results; not all shown on Home
S0049,Electrical,የኤሌክትሪክ ስራ,Install socket,ሶኬት ጫን,exact + prefix + fuzzy + synonym + Amharic + English transliteration,search/category results; not all shown on Home
S0050,Electrical,የኤሌክትሪክ ስራ,Repair light switch,የብርሃን መቀየሪያን መጠገን,exact + prefix + fuzzy + synonym + Amharic + English transliteration,search/category results; not all shown on Home
S0051,Electrical,የኤሌክትሪክ ስራ,Install light switch,የብርሃን መቀየሪያን ጫን,exact + prefix + fuzzy + synonym + Amharic + English transliteration,search/category results; not all shown on Home
S0052,Electrical,የኤሌክትሪክ ስራ,Install ceiling light,የጣሪያ መብራትን ይጫኑ,exact + prefix + fuzzy + synonym + Amharic + English transliteration,search/category results; not all shown on Home
S0053,Electrical,የኤሌክትሪክ ስራ,Repair ceiling light,የጣሪያ መብራትን መጠገን,exact + prefix + fuzzy + synonym + Amharic + English transliteration,search/category results; not all shown on Home
S0054,Electrical,የኤሌክትሪክ ስራ,Install wall light,የግድግዳ ብርሃንን ይጫኑ,exact + prefix + fuzzy + synonym + Amharic + English transliteration,search/category results; not all shown on Home
S0055,Electrical,የኤሌክትሪክ ስራ,Install outdoor light,የውጭ መብራትን ይጫኑ,exact + prefix + fuzzy + synonym + Amharic + English transliteration,search/category results; not all shown on Home
S0056,Electrical,የኤሌክትሪክ ስራ,Install security light,የደህንነት መብራትን ጫን,exact + prefix + fuzzy + synonym + Amharic + English transliteration,search/category results; not all shown on Home
S0057,Electrical,የኤሌክትሪክ ስራ,Install LED lighting,የ LED መብራትን ይጫኑ,exact + prefix + fuzzy + synonym + Amharic + English transliteration,search/category results; not all shown on Home
S0058,Electrical,የኤሌክትሪክ ስራ,Install chandelier,ቻንደርለርን ጫን,exact + prefix + fuzzy + synonym + Amharic + English transliteration,search/category results; not all shown on Home
S0059,Electrical,የኤሌክትሪክ ስራ,Repair chandelier,ቻንደርለርን መጠገን,exact + prefix + fuzzy + synonym + Amharic + English transliteration,search/category results; not all shown on Home
S0060,Electrical,የኤሌክትሪክ ስራ,Install electrical panel,የኤሌክትሪክ ፓነልን ይጫኑ,exact + prefix + fuzzy + synonym + Amharic + English transliteration,search/category results; not all shown on Home
S0061,Electrical,የኤሌክትሪክ ስራ,Repair electrical panel,የኤሌክትሪክ ፓነልን መጠገን,exact + prefix + fuzzy + synonym + Amharic + English transliteration,search/category results; not all shown on Home
S0062,Electrical,የኤሌክትሪክ ስራ,Replace circuit breaker,የወረዳ የሚላተም ተካ,exact + prefix + fuzzy + synonym + Amharic + English transliteration,search/category results; not all shown on Home
S0063,Electrical,የኤሌክትሪክ ስራ,Install circuit breaker,የወረዳ የሚላተም ጫን,exact + prefix + fuzzy + synonym + Amharic + English transliteration,search/category results; not all shown on Home
S0064,Electrical,የኤሌክትሪክ ስራ,Repair fuse box,ጥገና ፊውዝ ሳጥን,exact + prefix + fuzzy + synonym + Amharic + English transliteration,search/category results; not all shown on Home
S0065,Electrical,የኤሌክትሪክ ስራ,Install fuse box,የፊውዝ ሳጥንን ጫን,exact + prefix + fuzzy + synonym + Amharic + English transliteration,search/category results; not all shown on Home
S0066,Electrical,የኤሌክትሪክ ስራ,Install surge protector,የአደጋ መከላከያን ይጫኑ,exact + prefix + fuzzy + synonym + Amharic + English transliteration,search/category results; not all shown on Home
S0067,Electrical,የኤሌክትሪክ ስራ,Install voltage stabilizer,የቮልቴጅ ማረጋጊያን ይጫኑ,exact + prefix + fuzzy + synonym + Amharic + English transliteration,search/category results; not all shown on Home
S0068,Electrical,የኤሌክትሪክ ስራ,Install inverter,ኢንቮርተርን ጫን,exact + prefix + fuzzy + synonym + Amharic + English transliteration,search/category results; not all shown on Home
S0069,Electrical,የኤሌክትሪክ ስራ,Repair inverter,ጥገና ኢንቮርተር,exact + prefix + fuzzy + synonym + Amharic + English transliteration,search/category results; not all shown on Home
S0070,Electrical,የኤሌክትሪክ ስራ,Install generator wiring,የጄነሬተር ሽቦን ይጫኑ,exact + prefix + fuzzy + synonym + Amharic + English transliteration,search/category results; not all shown on Home
S0071,Electrical,የኤሌክትሪክ ስራ,Repair generator wiring,የጄነሬተር ሽቦን መጠገን,exact + prefix + fuzzy + synonym + Amharic + English transliteration,search/category results; not all shown on Home
S0072,Electrical,የኤሌክትሪክ ስራ,Install solar electrical wiring,የፀሐይ ኤሌክትሪክ ሽቦዎችን ይጫኑ,exact + prefix + fuzzy + synonym + Amharic + English transliteration,search/category results; not all shown on Home
S0073,Electrical,የኤሌክትሪክ ስራ,Electrical safety inspection,የኤሌክትሪክ ደህንነት ምርመራ,exact + prefix + fuzzy + synonym + Amharic + English transliteration,search/category results; not all shown on Home
S0074,Electrical,የኤሌክትሪክ ስራ,Find electrical short circuit,የኤሌክትሪክ አጭር ዑደት ያግኙ,exact + prefix + fuzzy + synonym + Amharic + English transliteration,search/category results; not all shown on Home
S0075,Electrical,የኤሌክትሪክ ስራ,Repair tripping breaker,የሚያደናቅፍ ሰባሪውን ይጠግኑ,exact + prefix + fuzzy + synonym + Amharic + English transliteration,search/category results; not all shown on Home
S0076,Electrical,የኤሌክትሪክ ስራ,Install doorbell,የበር ደወል ጫን,exact + prefix + fuzzy + synonym + Amharic + English transliteration,search/category results; not all shown on Home
S0077,Electrical,የኤሌክትሪክ ስራ,Install intercom,ኢንተርኮም ጫን,exact + prefix + fuzzy + synonym + Amharic + English transliteration,search/category results; not all shown on Home
S0078,Electrical,የኤሌክትሪክ ስራ,Install electrical meter connection,የኤሌክትሪክ ቆጣሪ ግንኙነትን ይጫኑ,exact + prefix + fuzzy + synonym + Amharic + English transliteration,search/category results; not all shown on Home
S0079,Electrical,የኤሌክትሪክ ስራ,Electrical appliance wiring,የኤሌክትሪክ ዕቃዎች ሽቦ,exact + prefix + fuzzy + synonym + Amharic + English transliteration,search/category results; not all shown on Home
S0080,Electrical,የኤሌክትሪክ ስራ,Grounding installation,የመሬት ላይ መትከል,exact + prefix + fuzzy + synonym + Amharic + English transliteration,search/category results; not all shown on Home
S0081,Appliance Repair,የቤት እቃ ጥገና,Repair refrigerator,ማቀዝቀዣውን መጠገን,exact + prefix + fuzzy + synonym + Amharic + English transliteration,search/category results; not all shown on Home
S0082,Appliance Repair,የቤት እቃ ጥገና,Repair freezer,ማቀዝቀዣውን መጠገን,exact + prefix + fuzzy + synonym + Amharic + English transliteration,search/category results; not all shown on Home
S0083,Appliance Repair,የቤት እቃ ጥገና,Repair washing machine,የልብስ ማጠቢያ ማሽንን መጠገን,exact + prefix + fuzzy + synonym + Amharic + English transliteration,search/category results; not all shown on Home
S0084,Appliance Repair,የቤት እቃ ጥገና,Repair dishwasher,የእቃ ማጠቢያ ማጠግን,exact + prefix + fuzzy + synonym + Amharic + English transliteration,search/category results; not all shown on Home
S0085,Appliance Repair,የቤት እቃ ጥገና,Repair electric stove,የኤሌክትሪክ ምድጃ መጠገን,exact + prefix + fuzzy + synonym + Amharic + English transliteration,search/category results; not all shown on Home
S0086,Appliance Repair,የቤት እቃ ጥገና,Repair gas stove,የጋዝ ምድጃውን ይጠግኑ,exact + prefix + fuzzy + synonym + Amharic + English transliteration,search/category results; not all shown on Home
S0087,Appliance Repair,የቤት እቃ ጥገና,Repair oven,ምድጃውን ይጠግኑ,exact + prefix + fuzzy + synonym + Amharic + English transliteration,search/category results; not all shown on Home
S0088,Appliance Repair,የቤት እቃ ጥገና,Repair microwave,ማይክሮዌቭን መጠገን,exact + prefix + fuzzy + synonym + Amharic + English transliteration,search/category results; not all shown on Home
S0089,Appliance Repair,የቤት እቃ ጥገና,Repair electric kettle,የኤሌክትሪክ ማንቆርቆሪያን መጠገን,exact + prefix + fuzzy + synonym + Amharic + English transliteration,search/category results; not all shown on Home
S0090,Appliance Repair,የቤት እቃ ጥገና,Repair coffee machine,የቡና ማሽንን መጠገን,exact + prefix + fuzzy + synonym + Amharic + English transliteration,search/category results; not all shown on Home
S0091,Appliance Repair,የቤት እቃ ጥገና,Repair blender,ማደባለቅ መጠገን,exact + prefix + fuzzy + synonym + Amharic + English transliteration,search/category results; not all shown on Home
S0092,Appliance Repair,የቤት እቃ ጥገና,Repair food processor,የምግብ ማቀነባበሪያውን ይጠግኑ,exact + prefix + fuzzy + synonym + Amharic + English transliteration,search/category results; not all shown on Home
S0093,Appliance Repair,የቤት እቃ ጥገና,Repair vacuum cleaner,የቫኩም ማጽጃን ይጠግኑ,exact + prefix + fuzzy + synonym + Amharic + English transliteration,search/category results; not all shown on Home
S0094,Appliance Repair,የቤት እቃ ጥገና,Repair iron,ብረትን መጠገን,exact + prefix + fuzzy + synonym + Amharic + English transliteration,search/category results; not all shown on Home
S0095,Appliance Repair,የቤት እቃ ጥገና,Repair water dispenser,የውሃ ማከፋፈያ ጥገና,exact + prefix + fuzzy + synonym + Amharic + English transliteration,search/category results; not all shown on Home
S0097,Appliance Repair,የቤት እቃ ጥገና,Repair air fryer,የአየር መጥበሻን መጠገን,exact + prefix + fuzzy + synonym + Amharic + English transliteration,search/category results; not all shown on Home
S0098,Appliance Repair,የቤት እቃ ጥገና,Repair rice cooker,የሩዝ ማብሰያውን ይጠግኑ,exact + prefix + fuzzy + synonym + Amharic + English transliteration,search/category results; not all shown on Home
S0099,Appliance Repair,የቤት እቃ ጥገና,Repair television,ቴሌቪዥን መጠገን,exact + prefix + fuzzy + synonym + Amharic + English transliteration,search/category results; not all shown on Home
S0100,Appliance Repair,የቤት እቃ ጥገና,Repair decoder,መጠገን ዲኮደር,exact + prefix + fuzzy + synonym + Amharic + English transliteration,search/category results; not all shown on Home
S0101,Appliance Repair,የቤት እቃ ጥገና,Repair sound system,የድምፅ ስርዓትን መጠገን,exact + prefix + fuzzy + synonym + Amharic + English transliteration,search/category results; not all shown on Home
S0102,Appliance Repair,የቤት እቃ ጥገና,Repair fan,ጥገና አድናቂ,exact + prefix + fuzzy + synonym + Amharic + English transliteration,search/category results; not all shown on Home
S0103,Appliance Repair,የቤት እቃ ጥገና,Repair electric blanket,የኤሌክትሪክ ብርድ ልብስ መጠገን,exact + prefix + fuzzy + synonym + Amharic + English transliteration,search/category results; not all shown on Home
S0104,Appliance Repair,የቤት እቃ ጥገና,Repair hair dryer,የፀጉር ማድረቂያውን ይጠግኑ,exact + prefix + fuzzy + synonym + Amharic + English transliteration,search/category results; not all shown on Home
S0105,Appliance Repair,የቤት እቃ ጥገና,Repair sewing machine,የልብስ ስፌት ማሽንን መጠገን,exact + prefix + fuzzy + synonym + Amharic + English transliteration,search/category results; not all shown on Home
S0106,Appliance Repair,የቤት እቃ ጥገና,Repair printer,ማተሚያን ይጠግኑ,exact + prefix + fuzzy + synonym + Amharic + English transliteration,search/category results; not all shown on Home
S0107,Appliance Repair,የቤት እቃ ጥገና,Repair scanner,ስካነርን መጠገን,exact + prefix + fuzzy + synonym + Amharic + English transliteration,search/category results; not all shown on Home
S0108,Appliance Repair,የቤት እቃ ጥገና,Repair photocopier,ፎቶ ኮፒውን መጠገን,exact + prefix + fuzzy + synonym + Amharic + English transliteration,search/category results; not all shown on Home
S0109,Appliance Repair,የቤት እቃ ጥገና,Repair computer,ኮምፒተርን መጠገን,exact + prefix + fuzzy + synonym + Amharic + English transliteration,search/category results; not all shown on Home
S0110,Appliance Repair,የቤት እቃ ጥገና,Repair laptop,ላፕቶፕ መጠገን,exact + prefix + fuzzy + synonym + Amharic + English transliteration,search/category results; not all shown on Home
S0111,Appliance Repair,የቤት እቃ ጥገና,Repair monitor,የጥገና መቆጣጠሪያ,exact + prefix + fuzzy + synonym + Amharic + English transliteration,search/category results; not all shown on Home
S0112,AC & Refrigeration,ኤሲ እና ማቀዝቀዣ,Install split AC,የተከፈለ AC ጫን,exact + prefix + fuzzy + synonym + Amharic + English transliteration,search/category results; not all shown on Home
S0113,AC & Refrigeration,ኤሲ እና ማቀዝቀዣ,Repair split AC,መጠገን የተከፈለ AC,exact + prefix + fuzzy + synonym + Amharic + English transliteration,search/category results; not all shown on Home
S0114,AC & Refrigeration,ኤሲ እና ማቀዝቀዣ,Clean split AC,ንጹህ የተከፈለ AC,exact + prefix + fuzzy + synonym + Amharic + English transliteration,search/category results; not all shown on Home
S0115,AC & Refrigeration,ኤሲ እና ማቀዝቀዣ,Service split AC,የአገልግሎት ክፍፍል AC,exact + prefix + fuzzy + synonym + Amharic + English transliteration,search/category results; not all shown on Home
S0116,AC & Refrigeration,ኤሲ እና ማቀዝቀዣ,Refill AC refrigerant,የ AC ማቀዝቀዣን መሙላት,exact + prefix + fuzzy + synonym + Amharic + English transliteration,search/category results; not all shown on Home
S0117,AC & Refrigeration,ኤሲ እና ማቀዝቀዣ,Repair AC compressor,የ AC መጭመቂያ መጠገን,exact + prefix + fuzzy + synonym + Amharic + English transliteration,search/category results; not all shown on Home
S0118,AC & Refrigeration,ኤሲ እና ማቀዝቀዣ,Repair AC fan,የ AC አድናቂን መጠገን,exact + prefix + fuzzy + synonym + Amharic + English transliteration,search/category results; not all shown on Home
S0119,AC & Refrigeration,ኤሲ እና ማቀዝቀዣ,Repair AC thermostat,የኤሲ ቴርሞስታት መጠገን,exact + prefix + fuzzy + synonym + Amharic + English transliteration,search/category results; not all shown on Home
S0120,AC & Refrigeration,ኤሲ እና ማቀዝቀዣ,Repair AC control board,የ AC መቆጣጠሪያ ሰሌዳን መጠገን,exact + prefix + fuzzy + synonym + Amharic + English transliteration,search/category results; not all shown on Home
S0121,AC & Refrigeration,ኤሲ እና ማቀዝቀዣ,Repair AC drainage,የ AC ፍሳሽን መጠገን,exact + prefix + fuzzy + synonym + Amharic + English transliteration,search/category results; not all shown on Home
S0122,AC & Refrigeration,ኤሲ እና ማቀዝቀዣ,Install window AC,መስኮት AC ጫን,exact + prefix + fuzzy + synonym + Amharic + English transliteration,search/category results; not all shown on Home
S0123,AC & Refrigeration,ኤሲ እና ማቀዝቀዣ,Repair window AC,የጥገና መስኮት AC,exact + prefix + fuzzy + synonym + Amharic + English transliteration,search/category results; not all shown on Home
S0124,AC & Refrigeration,ኤሲ እና ማቀዝቀዣ,Install commercial AC,የንግድ AC ጫን,exact + prefix + fuzzy + synonym + Amharic + English transliteration,search/category results; not all shown on Home
S0125,AC & Refrigeration,ኤሲ እና ማቀዝቀዣ,Service commercial AC,የአገልግሎት ንግድ AC,exact + prefix + fuzzy + synonym + Amharic + English transliteration,search/category results; not all shown on Home
S0126,AC & Refrigeration,ኤሲ እና ማቀዝቀዣ,Repair commercial AC,የንግድ AC መጠገን,exact + prefix + fuzzy + synonym + Amharic + English transliteration,search/category results; not all shown on Home
S0127,AC & Refrigeration,ኤሲ እና ማቀዝቀዣ,Install refrigerator compressor,ማቀዝቀዣ መጭመቂያ ይጫኑ,exact + prefix + fuzzy + synonym + Amharic + English transliteration,search/category results; not all shown on Home
S0128,AC & Refrigeration,ኤሲ እና ማቀዝቀዣ,Repair refrigerator compressor,ማቀዝቀዣ መጭመቂያ መጠገን,exact + prefix + fuzzy + synonym + Amharic + English transliteration,search/category results; not all shown on Home
S0129,AC & Refrigeration,ኤሲ እና ማቀዝቀዣ,Recharge refrigerator gas,የማቀዝቀዣ ጋዝ መሙላት,exact + prefix + fuzzy + synonym + Amharic + English transliteration,search/category results; not all shown on Home
S0130,AC & Refrigeration,ኤሲ እና ማቀዝቀዣ,Repair cold room,ቀዝቃዛ ክፍልን መጠገን,exact + prefix + fuzzy + synonym + Amharic + English transliteration,search/category results; not all shown on Home
S0131,AC & Refrigeration,ኤሲ እና ማቀዝቀዣ,Install cold room,ቀዝቃዛ ክፍልን ይጫኑ,exact + prefix + fuzzy + synonym + Amharic + English transliteration,search/category results; not all shown on Home
S0132,AC & Refrigeration,ኤሲ እና ማቀዝቀዣ,Service cold room,ቀዝቃዛ ክፍል አገልግሎት,exact + prefix + fuzzy + synonym + Amharic + English transliteration,search/category results; not all shown on Home
S0133,AC & Refrigeration,ኤሲ እና ማቀዝቀዣ,Repair freezer room,ማቀዝቀዣ ክፍልን መጠገን,exact + prefix + fuzzy + synonym + Amharic + English transliteration,search/category results; not all shown on Home
S0134,AC & Refrigeration,ኤሲ እና ማቀዝቀዣ,Install freezer room,ማቀዝቀዣ ክፍል ይጫኑ,exact + prefix + fuzzy + synonym + Amharic + English transliteration,search/category results; not all shown on Home
S0135,AC & Refrigeration,ኤሲ እና ማቀዝቀዣ,Repair display refrigerator,የማሳያ ማቀዝቀዣን መጠገን,exact + prefix + fuzzy + synonym + Amharic + English transliteration,search/category results; not all shown on Home
S0136,AC & Refrigeration,ኤሲ እና ማቀዝቀዣ,Service display refrigerator,የአገልግሎት ማሳያ ማቀዝቀዣ,exact + prefix + fuzzy + synonym + Amharic + English transliteration,search/category results; not all shown on Home
S0137,AC & Refrigeration,ኤሲ እና ማቀዝቀዣ,Repair ice maker,የበረዶ ሰሪውን ይጠግኑ,exact + prefix + fuzzy + synonym + Amharic + English transliteration,search/category results; not all shown on Home
S0138,AC & Refrigeration,ኤሲ እና ማቀዝቀዣ,Service ice maker,የአገልግሎት በረዶ ሰሪ,exact + prefix + fuzzy + synonym + Amharic + English transliteration,search/category results; not all shown on Home
S0139,AC & Refrigeration,ኤሲ እና ማቀዝቀዣ,Install ventilation system,የአየር ማናፈሻ ስርዓትን ይጫኑ,exact + prefix + fuzzy + synonym + Amharic + English transliteration,search/category results; not all shown on Home
S0140,AC & Refrigeration,ኤሲ እና ማቀዝቀዣ,Repair ventilation system,የአየር ማናፈሻ ስርዓትን መጠገን,exact + prefix + fuzzy + synonym + Amharic + English transliteration,search/category results; not all shown on Home
S0141,Cleaning,ጽዳት,Home deep cleaning,የቤት ውስጥ ጥልቅ ጽዳት,exact + prefix + fuzzy + synonym + Amharic + English transliteration,search/category results; not all shown on Home
S0142,Cleaning,ጽዳት,Regular home cleaning,መደበኛ የቤት ጽዳት,exact + prefix + fuzzy + synonym + Amharic + English transliteration,search/category results; not all shown on Home
S0143,Cleaning,ጽዳት,Move-in cleaning,ተንቀሳቅሶ ጽዳት,exact + prefix + fuzzy + synonym + Amharic + English transliteration,search/category results; not all shown on Home
S0144,Cleaning,ጽዳት,Move-out cleaning,ውጣ ጽዳት,exact + prefix + fuzzy + synonym + Amharic + English transliteration,search/category results; not all shown on Home
S0145,Cleaning,ጽዳት,Office cleaning,የቢሮ ማጽዳት,exact + prefix + fuzzy + synonym + Amharic + English transliteration,search/category results; not all shown on Home
S0146,Cleaning,ጽዳት,Shop cleaning,የሱቅ ማጽጃ,exact + prefix + fuzzy + synonym + Amharic + English transliteration,search/category results; not all shown on Home
S0147,Cleaning,ጽዳት,Restaurant cleaning,ምግብ ቤት ማጽዳት,exact + prefix + fuzzy + synonym + Amharic + English transliteration,search/category results; not all shown on Home
S0148,Cleaning,ጽዳት,Hotel cleaning,የሆቴል ጽዳት,exact + prefix + fuzzy + synonym + Amharic + English transliteration,search/category results; not all shown on Home
S0149,Cleaning,ጽዳት,Apartment building cleaning,የአፓርትመንት ሕንፃ ማጽዳት,exact + prefix + fuzzy + synonym + Amharic + English transliteration,search/category results; not all shown on Home
S0150,Cleaning,ጽዳት,Staircase cleaning,የእርከን ማጽዳት,exact + prefix + fuzzy + synonym + Amharic + English transliteration,search/category results; not all shown on Home
S0151,Cleaning,ጽዳት,Window cleaning,የመስኮት ማጽዳት,exact + prefix + fuzzy + synonym + Amharic + English transliteration,search/category results; not all shown on Home
S0152,Cleaning,ጽዳት,Glass cleaning,የመስታወት ማጽዳት,exact + prefix + fuzzy + synonym + Amharic + English transliteration,search/category results; not all shown on Home
S0153,Cleaning,ጽዳት,Carpet cleaning,ምንጣፍ ማጽዳት,exact + prefix + fuzzy + synonym + Amharic + English transliteration,search/category results; not all shown on Home
S0154,Cleaning,ጽዳት,Rug cleaning,ምንጣፍ ማጽዳት,exact + prefix + fuzzy + synonym + Amharic + English transliteration,search/category results; not all shown on Home
S0155,Cleaning,ጽዳት,Sofa cleaning,ሶፋ ማጽዳት,exact + prefix + fuzzy + synonym + Amharic + English transliteration,search/category results; not all shown on Home
S0156,Cleaning,ጽዳት,Mattress cleaning,ፍራሽ ማጽዳት,exact + prefix + fuzzy + synonym + Amharic + English transliteration,search/category results; not all shown on Home
S0157,Cleaning,ጽዳት,Curtain cleaning,መጋረጃ ማጽዳት,exact + prefix + fuzzy + synonym + Amharic + English transliteration,search/category results; not all shown on Home
S0158,Cleaning,ጽዳት,Kitchen deep cleaning,ወጥ ቤት ጥልቅ ጽዳት,exact + prefix + fuzzy + synonym + Amharic + English transliteration,search/category results; not all shown on Home
S0159,Cleaning,ጽዳት,Bathroom deep cleaning,የመታጠቢያ ክፍል ጥልቅ ጽዳት,exact + prefix + fuzzy + synonym + Amharic + English transliteration,search/category results; not all shown on Home
S0160,Cleaning,ጽዳት,Post-construction cleaning,ከግንባታ በኋላ ማጽዳት,exact + prefix + fuzzy + synonym + Amharic + English transliteration,search/category results; not all shown on Home
S0161,Cleaning,ጽዳት,Post-event cleaning,ከክስተት በኋላ ማጽዳት,exact + prefix + fuzzy + synonym + Amharic + English transliteration,search/category results; not all shown on Home
S0162,Cleaning,ጽዳት,Warehouse cleaning,የመጋዘን ጽዳት,exact + prefix + fuzzy + synonym + Amharic + English transliteration,search/category results; not all shown on Home
S0163,Cleaning,ጽዳት,Factory cleaning,የፋብሪካ ማጽዳት,exact + prefix + fuzzy + synonym + Amharic + English transliteration,search/category results; not all shown on Home
S0164,Cleaning,ጽዳት,School cleaning,የትምህርት ቤት ጽዳት,exact + prefix + fuzzy + synonym + Amharic + English transliteration,search/category results; not all shown on Home
S0165,Cleaning,ጽዳት,Church cleaning,የቤተክርስቲያን ጽዳት,exact + prefix + fuzzy + synonym + Amharic + English transliteration,search/category results; not all shown on Home
S0166,Cleaning,ጽዳት,Hospital cleaning,የሆስፒታል ጽዳት,exact + prefix + fuzzy + synonym + Amharic + English transliteration,search/category results; not all shown on Home
S0167,Cleaning,ጽዳት,Outdoor cleaning,ከቤት ውጭ ማጽዳት,exact + prefix + fuzzy + synonym + Amharic + English transliteration,search/category results; not all shown on Home
S0168,Cleaning,ጽዳት,Balcony cleaning,በረንዳ ማጽዳት,exact + prefix + fuzzy + synonym + Amharic + English transliteration,search/category results; not all shown on Home
S0169,Cleaning,ጽዳት,Roof cleaning,የጣሪያ ማጽዳት,exact + prefix + fuzzy + synonym + Amharic + English transliteration,search/category results; not all shown on Home
S0170,Cleaning,ጽዳት,Water tank cleaning,የውሃ ማጠራቀሚያ ማጽዳት,exact + prefix + fuzzy + synonym + Amharic + English transliteration,search/category results; not all shown on Home
S0171,Cleaning,ጽዳት,Floor polishing,የወለል ንጣፎች,exact + prefix + fuzzy + synonym + Amharic + English transliteration,search/category results; not all shown on Home
S0172,Cleaning,ጽዳት,Tile cleaning,ንጣፍ ማጽዳት,exact + prefix + fuzzy + synonym + Amharic + English transliteration,search/category results; not all shown on Home
S0173,Cleaning,ጽዳት,Grout cleaning,የቆሻሻ ማጽዳት,exact + prefix + fuzzy + synonym + Amharic + English transliteration,search/category results; not all shown on Home
S0174,Cleaning,ጽዳት,Pressure washing,የግፊት ማጠብ,exact + prefix + fuzzy + synonym + Amharic + English transliteration,search/category results; not all shown on Home
S0175,Cleaning,ጽዳት,Pest-related sanitation,ከተባይ ጋር የተያያዘ የንፅህና አጠባበቅ,exact + prefix + fuzzy + synonym + Amharic + English transliteration,search/category results; not all shown on Home
S0176,Construction & Masonry,ግንባታ እና ግንብ ስራ,Build wall,ግድግዳ መገንባት,exact + prefix + fuzzy + synonym + Amharic + English transliteration,search/category results; not all shown on Home
S0177,Construction & Masonry,ግንባታ እና ግንብ ስራ,Repair wall,ግድግዳ ማረም,exact + prefix + fuzzy + synonym + Amharic + English transliteration,search/category results; not all shown on Home
S0178,Construction & Masonry,ግንባታ እና ግንብ ስራ,Plaster wall,የፕላስተር ግድግዳ,exact + prefix + fuzzy + synonym + Amharic + English transliteration,search/category results; not all shown on Home
S0179,Construction & Masonry,ግንባታ እና ግንብ ስራ,Cement plastering,የሲሚንቶ ፕላስተር,exact + prefix + fuzzy + synonym + Amharic + English transliteration,search/category results; not all shown on Home
S0180,Construction & Masonry,ግንባታ እና ግንብ ስራ,Gypsum wall installation,የጂፕሰም ግድግዳ መትከል,exact + prefix + fuzzy + synonym + Amharic + English transliteration,search/category results; not all shown on Home
S0181,Construction & Masonry,ግንባታ እና ግንብ ስራ,Partition wall installation,የክፍልፍል ግድግዳ መትከል,exact + prefix + fuzzy + synonym + Amharic + English transliteration,search/category results; not all shown on Home
S0182,Construction & Masonry,ግንባታ እና ግንብ ስራ,Brickwork,የጡብ ሥራ,exact + prefix + fuzzy + synonym + Amharic + English transliteration,search/category results; not all shown on Home
S0183,Construction & Masonry,ግንባታ እና ግንብ ስራ,Blockwork,የማገጃ ሥራ,exact + prefix + fuzzy + synonym + Amharic + English transliteration,search/category results; not all shown on Home
S0184,Construction & Masonry,ግንባታ እና ግንብ ስራ,Concrete work,ኮንክሪት ሥራ,exact + prefix + fuzzy + synonym + Amharic + English transliteration,search/category results; not all shown on Home
S0185,Construction & Masonry,ግንባታ እና ግንብ ስራ,Concrete floor installation,Concrete floor installation,exact + prefix + fuzzy + synonym + Amharic + English transliteration,search/category results; not all shown on Home
S0186,Construction & Masonry,ግንባታ እና ግንብ ስራ,Concrete repair,የኮንክሪት ጥገና,exact + prefix + fuzzy + synonym + Amharic + English transliteration,search/category results; not all shown on Home
S0187,Construction & Masonry,ግንባታ እና ግንብ ስራ,Foundation work,የመሠረት ሥራ,exact + prefix + fuzzy + synonym + Amharic + English transliteration,search/category results; not all shown on Home
S0188,Construction & Masonry,ግንባታ እና ግንብ ስራ,Foundation repair,የመሠረት ጥገና,exact + prefix + fuzzy + synonym + Amharic + English transliteration,search/category results; not all shown on Home
S0189,Construction & Masonry,ግንባታ እና ግንብ ስራ,Column construction,የአምድ ግንባታ,exact + prefix + fuzzy + synonym + Amharic + English transliteration,search/category results; not all shown on Home
S0190,Construction & Masonry,ግንባታ እና ግንብ ስራ,Beam construction,የጨረር ግንባታ,exact + prefix + fuzzy + synonym + Amharic + English transliteration,search/category results; not all shown on Home
S0191,Construction & Masonry,ግንባታ እና ግንብ ስራ,Roof slab work,የጣሪያ ንጣፍ ሥራ,exact + prefix + fuzzy + synonym + Amharic + English transliteration,search/category results; not all shown on Home
S0192,Construction & Masonry,ግንባታ እና ግንብ ስራ,Stair construction,የእርከን ግንባታ,exact + prefix + fuzzy + synonym + Amharic + English transliteration,search/category results; not all shown on Home
S0193,Construction & Masonry,ግንባታ እና ግንብ ስራ,Stair repair,የእርከን ጥገና,exact + prefix + fuzzy + synonym + Amharic + English transliteration,search/category results; not all shown on Home
S0194,Construction & Masonry,ግንባታ እና ግንብ ስራ,Door opening construction,የበር መክፈቻ ግንባታ,exact + prefix + fuzzy + synonym + Amharic + English transliteration,search/category results; not all shown on Home
S0195,Construction & Masonry,ግንባታ እና ግንብ ስራ,Window opening construction,የመስኮት መክፈቻ ግንባታ,exact + prefix + fuzzy + synonym + Amharic + English transliteration,search/category results; not all shown on Home
S0196,Construction & Masonry,ግንባታ እና ግንብ ስራ,Demolition work,የማፍረስ ስራ,exact + prefix + fuzzy + synonym + Amharic + English transliteration,search/category results; not all shown on Home
S0197,Construction & Masonry,ግንባታ እና ግንብ ስራ,Site clearing,የጣቢያ ማጽዳት,exact + prefix + fuzzy + synonym + Amharic + English transliteration,search/category results; not all shown on Home
S0198,Construction & Masonry,ግንባታ እና ግንብ ስራ,Renovation work,የማደስ ስራ,exact + prefix + fuzzy + synonym + Amharic + English transliteration,search/category results; not all shown on Home
S0199,Construction & Masonry,ግንባታ እና ግንብ ስራ,House extension,የቤት ማራዘሚያ,exact + prefix + fuzzy + synonym + Amharic + English transliteration,search/category results; not all shown on Home
S0200,Construction & Masonry,ግንባታ እና ግንብ ስራ,Room extension,የክፍል ማራዘሚያ,exact + prefix + fuzzy + synonym + Amharic + English transliteration,search/category results; not all shown on Home
S0201,Construction & Masonry,ግንባታ እና ግንብ ስራ,Boundary wall construction,የድንበር ግድግዳ ግንባታ,exact + prefix + fuzzy + synonym + Amharic + English transliteration,search/category results; not all shown on Home
S0202,Construction & Masonry,ግንባታ እና ግንብ ስራ,Fence foundation,የአጥር መሠረት,exact + prefix + fuzzy + synonym + Amharic + English transliteration,search/category results; not all shown on Home
S0203,Construction & Masonry,ግንባታ እና ግንብ ስራ,Driveway construction,የመኪና መንገድ ግንባታ,exact + prefix + fuzzy + synonym + Amharic + English transliteration,search/category results; not all shown on Home
S0204,Construction & Masonry,ግንባታ እና ግንብ ስራ,Walkway construction,የእግረኛ መንገድ ግንባታ,exact + prefix + fuzzy + synonym + Amharic + English transliteration,search/category results; not all shown on Home
S0205,Construction & Masonry,ግንባታ እና ግንብ ስራ,Drainage construction,የፍሳሽ ግንባታ,exact + prefix + fuzzy + synonym + Amharic + English transliteration,search/category results; not all shown on Home
S0206,Construction & Masonry,ግንባታ እና ግንብ ስራ,Waterproofing construction,የውሃ መከላከያ ግንባታ,exact + prefix + fuzzy + synonym + Amharic + English transliteration,search/category results; not all shown on Home
S0207,Painting & Finishing,ቀለም ቅብ እና ፊኒሺንግ,Interior house painting,የቤት ውስጥ የቤት ውስጥ ሥዕል,exact + prefix + fuzzy + synonym + Amharic + English transliteration,search/category results; not all shown on Home
S0208,Painting & Finishing,ቀለም ቅብ እና ፊኒሺንግ,Exterior house painting,የውጪ ቤት ሥዕል,exact + prefix + fuzzy + synonym + Amharic + English transliteration,search/category results; not all shown on Home
S0209,Painting & Finishing,ቀለም ቅብ እና ፊኒሺንግ,Office painting,የቢሮ ሥዕል,exact + prefix + fuzzy + synonym + Amharic + English transliteration,search/category results; not all shown on Home
S0210,Painting & Finishing,ቀለም ቅብ እና ፊኒሺንግ,Shop painting,የሱቅ ሥዕል,exact + prefix + fuzzy + synonym + Amharic + English transliteration,search/category results; not all shown on Home
S0211,Painting & Finishing,ቀለም ቅብ እና ፊኒሺንግ,Apartment painting,የአፓርትመንት ሥዕል,exact + prefix + fuzzy + synonym + Amharic + English transliteration,search/category results; not all shown on Home
S0212,Painting & Finishing,ቀለም ቅብ እና ፊኒሺንግ,Wall repainting,ግድግዳ እንደገና መቀባት,exact + prefix + fuzzy + synonym + Amharic + English transliteration,search/category results; not all shown on Home
S0213,Painting & Finishing,ቀለም ቅብ እና ፊኒሺንግ,Ceiling painting,የጣሪያ ቀለም መቀባት,exact + prefix + fuzzy + synonym + Amharic + English transliteration,search/category results; not all shown on Home
S0214,Painting & Finishing,ቀለም ቅብ እና ፊኒሺንግ,Door painting,የበሩን ሥዕል,exact + prefix + fuzzy + synonym + Amharic + English transliteration,search/category results; not all shown on Home
S0215,Painting & Finishing,ቀለም ቅብ እና ፊኒሺንግ,Window frame painting,የመስኮት ፍሬም ሥዕል,exact + prefix + fuzzy + synonym + Amharic + English transliteration,search/category results; not all shown on Home
S0216,Painting & Finishing,ቀለም ቅብ እና ፊኒሺንግ,Metal painting,የብረት መቀባት,exact + prefix + fuzzy + synonym + Amharic + English transliteration,search/category results; not all shown on Home
S0217,Painting & Finishing,ቀለም ቅብ እና ፊኒሺንግ,Wood painting,የእንጨት ስዕል,exact + prefix + fuzzy + synonym + Amharic + English transliteration,search/category results; not all shown on Home
S0218,Painting & Finishing,ቀለም ቅብ እና ፊኒሺንግ,Spray painting,ሥዕል ይረጫል።,exact + prefix + fuzzy + synonym + Amharic + English transliteration,search/category results; not all shown on Home
S0219,Painting & Finishing,ቀለም ቅብ እና ፊኒሺንግ,Texture painting,ሸካራነት መቀባት,exact + prefix + fuzzy + synonym + Amharic + English transliteration,search/category results; not all shown on Home
S0220,Painting & Finishing,ቀለም ቅብ እና ፊኒሺንግ,Decorative painting,የጌጣጌጥ ሥዕል,exact + prefix + fuzzy + synonym + Amharic + English transliteration,search/category results; not all shown on Home
S0221,Painting & Finishing,ቀለም ቅብ እና ፊኒሺንግ,Wallpaper installation,የግድግዳ ወረቀት መትከል,exact + prefix + fuzzy + synonym + Amharic + English transliteration,search/category results; not all shown on Home
S0222,Painting & Finishing,ቀለም ቅብ እና ፊኒሺንግ,Wallpaper removal,የግድግዳ ወረቀት መወገድ,exact + prefix + fuzzy + synonym + Amharic + English transliteration,search/category results; not all shown on Home
S0223,Painting & Finishing,ቀለም ቅብ እና ፊኒሺንግ,Gypsum finishing,የጂፕሰም ማጠናቀቅ,exact + prefix + fuzzy + synonym + Amharic + English transliteration,search/category results; not all shown on Home
S0224,Painting & Finishing,ቀለም ቅብ እና ፊኒሺንግ,Putty work,ፑቲ ስራ,exact + prefix + fuzzy + synonym + Amharic + English transliteration,search/category results; not all shown on Home
S0225,Painting & Finishing,ቀለም ቅብ እና ፊኒሺንግ,Wall crack repair,የግድግዳ መሰንጠቅ ጥገና,exact + prefix + fuzzy + synonym + Amharic + English transliteration,search/category results; not all shown on Home
S0226,Painting & Finishing,ቀለም ቅብ እና ፊኒሺንግ,Water stain repair,የውሃ እድፍ ጥገና,exact + prefix + fuzzy + synonym + Amharic + English transliteration,search/category results; not all shown on Home
S0227,Painting & Finishing,ቀለም ቅብ እና ፊኒሺንግ,Mold stain treatment,የሻጋታ እድፍ ሕክምና,exact + prefix + fuzzy + synonym + Amharic + English transliteration,search/category results; not all shown on Home
S0228,Painting & Finishing,ቀለም ቅብ እና ፊኒሺንግ,Floor coating,የወለል ሽፋን,exact + prefix + fuzzy + synonym + Amharic + English transliteration,search/category results; not all shown on Home
S0229,Painting & Finishing,ቀለም ቅብ እና ፊኒሺንግ,Epoxy floor coating,የ Epoxy ወለል ሽፋን,exact + prefix + fuzzy + synonym + Amharic + English transliteration,search/category results; not all shown on Home
S0230,Painting & Finishing,ቀለም ቅብ እና ፊኒሺንግ,Wood varnishing,የእንጨት ቫርኒሽን,exact + prefix + fuzzy + synonym + Amharic + English transliteration,search/category results; not all shown on Home
S0231,Painting & Finishing,ቀለም ቅብ እና ፊኒሺንግ,Furniture refinishing,የቤት ዕቃዎች ማሻሻያ,exact + prefix + fuzzy + synonym + Amharic + English transliteration,search/category results; not all shown on Home
S0232,Carpentry & Furniture,የአናጺ እና የቤት እቃ ስራ,Make custom wardrobe,ብጁ ቁም ሣጥን ይስሩ,exact + prefix + fuzzy + synonym + Amharic + English transliteration,search/category results; not all shown on Home
S0233,Carpentry & Furniture,የአናጺ እና የቤት እቃ ስራ,Repair wardrobe,የልብስ ማስቀመጫውን ይጠግኑ,exact + prefix + fuzzy + synonym + Amharic + English transliteration,search/category results; not all shown on Home
S0234,Carpentry & Furniture,የአናጺ እና የቤት እቃ ስራ,Install wardrobe,ቁም ሣጥን ጫን,exact + prefix + fuzzy + synonym + Amharic + English transliteration,search/category results; not all shown on Home
S0235,Carpentry & Furniture,የአናጺ እና የቤት እቃ ስራ,Make kitchen cabinet,የወጥ ቤት ካቢኔን ይስሩ,exact + prefix + fuzzy + synonym + Amharic + English transliteration,search/category results; not all shown on Home
S0236,Carpentry & Furniture,የአናጺ እና የቤት እቃ ስራ,Repair kitchen cabinet,የወጥ ቤት ካቢኔን መጠገን,exact + prefix + fuzzy + synonym + Amharic + English transliteration,search/category results; not all shown on Home
S0237,Carpentry & Furniture,የአናጺ እና የቤት እቃ ስራ,Install kitchen cabinet,የወጥ ቤት ካቢኔን ይጫኑ,exact + prefix + fuzzy + synonym + Amharic + English transliteration,search/category results; not all shown on Home
S0238,Carpentry & Furniture,የአናጺ እና የቤት እቃ ስራ,Make bookshelf,የመጽሐፍ መደርደሪያን አድርግ,exact + prefix + fuzzy + synonym + Amharic + English transliteration,search/category results; not all shown on Home
S0239,Carpentry & Furniture,የአናጺ እና የቤት እቃ ስራ,Repair bookshelf,የመጽሐፍ መደርደሪያን መጠገን,exact + prefix + fuzzy + synonym + Amharic + English transliteration,search/category results; not all shown on Home
S0240,Carpentry & Furniture,የአናጺ እና የቤት እቃ ስራ,Make office desk,የቢሮ ጠረጴዛ ያዘጋጁ,exact + prefix + fuzzy + synonym + Amharic + English transliteration,search/category results; not all shown on Home
S0241,Carpentry & Furniture,የአናጺ እና የቤት እቃ ስራ,Repair office desk,የቢሮ ጠረጴዛ ጥገና,exact + prefix + fuzzy + synonym + Amharic + English transliteration,search/category results; not all shown on Home
S0242,Carpentry & Furniture,የአናጺ እና የቤት እቃ ስራ,Make dining table,የመመገቢያ ጠረጴዛ ያዘጋጁ,exact + prefix + fuzzy + synonym + Amharic + English transliteration,search/category results; not all shown on Home
S0243,Carpentry & Furniture,የአናጺ እና የቤት እቃ ስራ,Repair dining table,የመመገቢያ ጠረጴዛን መጠገን,exact + prefix + fuzzy + synonym + Amharic + English transliteration,search/category results; not all shown on Home
S0244,Carpentry & Furniture,የአናጺ እና የቤት እቃ ስራ,Make bed,አልጋ አድርግ,exact + prefix + fuzzy + synonym + Amharic + English transliteration,search/category results; not all shown on Home
S0245,Carpentry & Furniture,የአናጺ እና የቤት እቃ ስራ,Repair bed,አልጋ መጠገን,exact + prefix + fuzzy + synonym + Amharic + English transliteration,search/category results; not all shown on Home
S0246,Carpentry & Furniture,የአናጺ እና የቤት እቃ ስራ,Make sofa frame,የሶፋ ፍሬም ይስሩ,exact + prefix + fuzzy + synonym + Amharic + English transliteration,search/category results; not all shown on Home
S0247,Carpentry & Furniture,የአናጺ እና የቤት እቃ ስራ,Repair wooden door,የእንጨት በርን መጠገን,exact + prefix + fuzzy + synonym + Amharic + English transliteration,search/category results; not all shown on Home
S0248,Carpentry & Furniture,የአናጺ እና የቤት እቃ ስራ,Install wooden door,የእንጨት በር ይጫኑ,exact + prefix + fuzzy + synonym + Amharic + English transliteration,search/category results; not all shown on Home
S0249,Carpentry & Furniture,የአናጺ እና የቤት እቃ ስራ,Repair wooden window,የእንጨት መስኮት መጠገን,exact + prefix + fuzzy + synonym + Amharic + English transliteration,search/category results; not all shown on Home
S0250,Carpentry & Furniture,የአናጺ እና የቤት እቃ ስራ,Make shelves,መደርደሪያዎችን ያድርጉ,exact + prefix + fuzzy + synonym + Amharic + English transliteration,search/category results; not all shown on Home
S0251,Carpentry & Furniture,የአናጺ እና የቤት እቃ ስራ,Install shelves,መደርደሪያዎችን ይጫኑ,exact + prefix + fuzzy + synonym + Amharic + English transliteration,search/category results; not all shown on Home
S0252,Carpentry & Furniture,የአናጺ እና የቤት እቃ ስራ,Repair wooden floor,የእንጨት ወለል መጠገን,exact + prefix + fuzzy + synonym + Amharic + English transliteration,search/category results; not all shown on Home
S0253,Carpentry & Furniture,የአናጺ እና የቤት እቃ ስራ,Install wooden floor,የእንጨት ወለል መትከል,exact + prefix + fuzzy + synonym + Amharic + English transliteration,search/category results; not all shown on Home
S0255,Carpentry & Furniture,የአናጺ እና የቤት እቃ ስራ,Make custom furniture,ብጁ የቤት ዕቃዎች ይስሩ,exact + prefix + fuzzy + synonym + Amharic + English transliteration,search/category results; not all shown on Home
S0256,Carpentry & Furniture,የአናጺ እና የቤት እቃ ስራ,Furniture assembly,የቤት ዕቃዎች ስብስብ,exact + prefix + fuzzy + synonym + Amharic + English transliteration,search/category results; not all shown on Home
S0257,Carpentry & Furniture,የአናጺ እና የቤት እቃ ስራ,Furniture disassembly,የቤት ዕቃዎች መበታተን,exact + prefix + fuzzy + synonym + Amharic + English transliteration,search/category results; not all shown on Home
S0258,Carpentry & Furniture,የአናጺ እና የቤት እቃ ስራ,Furniture polishing,የቤት ዕቃዎች ማበጠር,exact + prefix + fuzzy + synonym + Amharic + English transliteration,search/category results; not all shown on Home
S0259,Carpentry & Furniture,የአናጺ እና የቤት እቃ ስራ,Furniture varnishing,የቤት ዕቃዎች ቫርኒሽን,exact + prefix + fuzzy + synonym + Amharic + English transliteration,search/category results; not all shown on Home
S0260,Carpentry & Furniture,የአናጺ እና የቤት እቃ ስራ,Wood carving,የእንጨት ቅርጻቅርጽ,exact + prefix + fuzzy + synonym + Amharic + English transliteration,search/category results; not all shown on Home
S0261,Carpentry & Furniture,የአናጺ እና የቤት እቃ ስራ,Wood cutting,እንጨት መቁረጥ,exact + prefix + fuzzy + synonym + Amharic + English transliteration,search/category results; not all shown on Home
S0262,Carpentry & Furniture,የአናጺ እና የቤት እቃ ስራ,Custom wooden partition,ብጁ የእንጨት ክፍልፍል,exact + prefix + fuzzy + synonym + Amharic + English transliteration,search/category results; not all shown on Home
S0263,Metalwork & Welding,ብረት ስራ እና ብየዳ,Gate fabrication,የበር ማምረት,exact + prefix + fuzzy + synonym + Amharic + English transliteration,search/category results; not all shown on Home
S0264,Metalwork & Welding,ብረት ስራ እና ብየዳ,Gate repair,የበር ጥገና,exact + prefix + fuzzy + synonym + Amharic + English transliteration,search/category results; not all shown on Home
S0265,Metalwork & Welding,ብረት ስራ እና ብየዳ,Fence fabrication,አጥር ማምረት,exact + prefix + fuzzy + synonym + Amharic + English transliteration,search/category results; not all shown on Home
S0266,Metalwork & Welding,ብረት ስራ እና ብየዳ,Fence repair,የአጥር ጥገና,exact + prefix + fuzzy + synonym + Amharic + English transliteration,search/category results; not all shown on Home
S0267,Metalwork & Welding,ብረት ስራ እና ብየዳ,Metal door fabrication,የብረት በር ማምረት,exact + prefix + fuzzy + synonym + Amharic + English transliteration,search/category results; not all shown on Home
S0268,Metalwork & Welding,ብረት ስራ እና ብየዳ,Metal door repair,የብረት በር ጥገና,exact + prefix + fuzzy + synonym + Amharic + English transliteration,search/category results; not all shown on Home
S0269,Metalwork & Welding,ብረት ስራ እና ብየዳ,Metal window fabrication,የብረት መስኮት ማምረት,exact + prefix + fuzzy + synonym + Amharic + English transliteration,search/category results; not all shown on Home
S0270,Metalwork & Welding,ብረት ስራ እና ብየዳ,Metal window repair,የብረት መስኮት ጥገና,exact + prefix + fuzzy + synonym + Amharic + English transliteration,search/category results; not all shown on Home
S0271,Metalwork & Welding,ብረት ስራ እና ብየዳ,Stair railing fabrication,የእርከን መወጣጫ ማምረት,exact + prefix + fuzzy + synonym + Amharic + English transliteration,search/category results; not all shown on Home
S0272,Metalwork & Welding,ብረት ስራ እና ብየዳ,Handrail installation,የእጅ ባቡር መጫኛ,exact + prefix + fuzzy + synonym + Amharic + English transliteration,search/category results; not all shown on Home
S0273,Metalwork & Welding,ብረት ስራ እና ብየዳ,Balcony railing fabrication,የበረንዳ ሐዲድ ማምረት,exact + prefix + fuzzy + synonym + Amharic + English transliteration,search/category results; not all shown on Home
S0274,Metalwork & Welding,ብረት ስራ እና ብየዳ,Security grille fabrication,የደህንነት ፍርግርግ ማምረት,exact + prefix + fuzzy + synonym + Amharic + English transliteration,search/category results; not all shown on Home
S0275,Metalwork & Welding,ብረት ስራ እና ብየዳ,Security grille repair,የደህንነት ፍርግርግ ጥገና,exact + prefix + fuzzy + synonym + Amharic + English transliteration,search/category results; not all shown on Home
S0276,Metalwork & Welding,ብረት ስራ እና ብየዳ,Metal roof frame,የብረት ጣሪያ ፍሬም,exact + prefix + fuzzy + synonym + Amharic + English transliteration,search/category results; not all shown on Home
S0277,Metalwork & Welding,ብረት ስራ እና ብየዳ,Metal roofing repair,የብረት ጣራ ጥገና,exact + prefix + fuzzy + synonym + Amharic + English transliteration,search/category results; not all shown on Home
S0278,Metalwork & Welding,ብረት ስራ እና ብየዳ,Metal furniture fabrication,የብረት እቃዎች ማምረት,exact + prefix + fuzzy + synonym + Amharic + English transliteration,search/category results; not all shown on Home
S0279,Metalwork & Welding,ብረት ስራ እና ብየዳ,Metal furniture repair,የብረት እቃዎች ጥገና,exact + prefix + fuzzy + synonym + Amharic + English transliteration,search/category results; not all shown on Home
S0280,Metalwork & Welding,ብረት ስራ እና ብየዳ,Welding repair,የብየዳ ጥገና,exact + prefix + fuzzy + synonym + Amharic + English transliteration,search/category results; not all shown on Home
S0281,Metalwork & Welding,ብረት ስራ እና ብየዳ,Steel cutting,የአረብ ብረት መቁረጥ,exact + prefix + fuzzy + synonym + Amharic + English transliteration,search/category results; not all shown on Home
S0282,Metalwork & Welding,ብረት ስራ እና ብየዳ,Steel frame fabrication,የብረት ክፈፍ ማምረት,exact + prefix + fuzzy + synonym + Amharic + English transliteration,search/category results; not all shown on Home
S0283,Metalwork & Welding,ብረት ስራ እና ብየዳ,Tank stand fabrication,የታንክ ማቆሚያ ማምረት,exact + prefix + fuzzy + synonym + Amharic + English transliteration,search/category results; not all shown on Home
S0284,Metalwork & Welding,ብረት ስራ እና ብየዳ,Water tank stand repair,የውሃ ማጠራቀሚያ ማቆሚያ ጥገና,exact + prefix + fuzzy + synonym + Amharic + English transliteration,search/category results; not all shown on Home
S0285,Metalwork & Welding,ብረት ስራ እና ብየዳ,Trailer welding,ተጎታች ብየዳ,exact + prefix + fuzzy + synonym + Amharic + English transliteration,search/category results; not all shown on Home
S0286,Metalwork & Welding,ብረት ስራ እና ብየዳ,Machine frame welding,የማሽን ፍሬም ብየዳ,exact + prefix + fuzzy + synonym + Amharic + English transliteration,search/category results; not all shown on Home
S0287,Glass & Aluminum,መስታወት እና አሉሚኒየም,Install aluminum window,የአሉሚኒየም መስኮት ይጫኑ,exact + prefix + fuzzy + synonym + Amharic + English transliteration,search/category results; not all shown on Home
S0288,Glass & Aluminum,መስታወት እና አሉሚኒየም,Repair aluminum window,የአሉሚኒየም መስኮትን ይጠግኑ,exact + prefix + fuzzy + synonym + Amharic + English transliteration,search/category results; not all shown on Home
S0289,Glass & Aluminum,መስታወት እና አሉሚኒየም,Install aluminum door,የአሉሚኒየም በርን ይጫኑ,exact + prefix + fuzzy + synonym + Amharic + English transliteration,search/category results; not all shown on Home
S0290,Glass & Aluminum,መስታወት እና አሉሚኒየም,Repair aluminum door,የአሉሚኒየም በርን ይጠግኑ,exact + prefix + fuzzy + synonym + Amharic + English transliteration,search/category results; not all shown on Home
S0291,Glass & Aluminum,መስታወት እና አሉሚኒየም,Install glass door,የመስታወት በርን ይጫኑ,exact + prefix + fuzzy + synonym + Amharic + English transliteration,search/category results; not all shown on Home
S0292,Glass & Aluminum,መስታወት እና አሉሚኒየም,Repair glass door,የመስታወት በርን መጠገን,exact + prefix + fuzzy + synonym + Amharic + English transliteration,search/category results; not all shown on Home
S0293,Glass & Aluminum,መስታወት እና አሉሚኒየም,Replace window glass,የመስኮት መስታወት ይተኩ,exact + prefix + fuzzy + synonym + Amharic + English transliteration,search/category results; not all shown on Home
S0294,Glass & Aluminum,መስታወት እና አሉሚኒየም,Replace door glass,የበሩን መስታወት ይተኩ,exact + prefix + fuzzy + synonym + Amharic + English transliteration,search/category results; not all shown on Home
S0295,Glass & Aluminum,መስታወት እና አሉሚኒየም,Install shower glass,የሻወር ብርጭቆን ይጫኑ,exact + prefix + fuzzy + synonym + Amharic + English transliteration,search/category results; not all shown on Home
S0296,Glass & Aluminum,መስታወት እና አሉሚኒየም,Install shopfront glass,የሱቅ ፊት መስታወት ጫን,exact + prefix + fuzzy + synonym + Amharic + English transliteration,search/category results; not all shown on Home
S0297,Glass & Aluminum,መስታወት እና አሉሚኒየም,Install office glass partition,የቢሮ መስታወት ክፋይ ጫን,exact + prefix + fuzzy + synonym + Amharic + English transliteration,search/category results; not all shown on Home
S0298,Glass & Aluminum,መስታወት እና አሉሚኒየም,Repair glass partition,የመስታወት ክፍልፍልን መጠገን,exact + prefix + fuzzy + synonym + Amharic + English transliteration,search/category results; not all shown on Home
S0299,Glass & Aluminum,መስታወት እና አሉሚኒየም,Install mirror,መስታወት ጫን,exact + prefix + fuzzy + synonym + Amharic + English transliteration,search/category results; not all shown on Home
S0300,Glass & Aluminum,መስታወት እና አሉሚኒየም,Cut mirror,መስተዋት ይቁረጡ,exact + prefix + fuzzy + synonym + Amharic + English transliteration,search/category results; not all shown on Home
S0301,Glass & Aluminum,መስታወት እና አሉሚኒየም,Install aluminum partition,የአሉሚኒየም ክፍልፍልን ይጫኑ,exact + prefix + fuzzy + synonym + Amharic + English transliteration,search/category results; not all shown on Home
S0302,Glass & Aluminum,መስታወት እና አሉሚኒየም,Repair aluminum partition,የአሉሚኒየም ክፍልፍልን መጠገን,exact + prefix + fuzzy + synonym + Amharic + English transliteration,search/category results; not all shown on Home
S0303,Glass & Aluminum,መስታወት እና አሉሚኒየም,Install mosquito screen,የወባ ትንኝ ማያ ገጽ ጫን,exact + prefix + fuzzy + synonym + Amharic + English transliteration,search/category results; not all shown on Home
S0304,Glass & Aluminum,መስታወት እና አሉሚኒየም,Repair mosquito screen,የወባ ትንኝ ማያ ገጽን መጠገን,exact + prefix + fuzzy + synonym + Amharic + English transliteration,search/category results; not all shown on Home
S0305,Glass & Aluminum,መስታወት እና አሉሚኒየም,Install skylight,የሰማይ ብርሃን ጫን,exact + prefix + fuzzy + synonym + Amharic + English transliteration,search/category results; not all shown on Home
S0306,Glass & Aluminum,መስታወት እና አሉሚኒየም,Repair skylight,የሰማይ ብርሃን መጠገን,exact + prefix + fuzzy + synonym + Amharic + English transliteration,search/category results; not all shown on Home
S0307,Roofing,የጣሪያ ስራ,Roof leak repair,የጣሪያ ፍሳሽ ጥገና,exact + prefix + fuzzy + synonym + Amharic + English transliteration,search/category results; not all shown on Home
S0308,Roofing,የጣሪያ ስራ,Roof sheet installation,የጣሪያ ንጣፍ መትከል,exact + prefix + fuzzy + synonym + Amharic + English transliteration,search/category results; not all shown on Home
S0309,Roofing,የጣሪያ ስራ,Roof sheet replacement,የጣሪያ ንጣፍ መተካት,exact + prefix + fuzzy + synonym + Amharic + English transliteration,search/category results; not all shown on Home
S0310,Roofing,የጣሪያ ስራ,Roof sheet repair,የጣሪያ ንጣፍ ጥገና,exact + prefix + fuzzy + synonym + Amharic + English transliteration,search/category results; not all shown on Home
S0311,Roofing,የጣሪያ ስራ,Roof tile installation,የጣሪያ ንጣፍ መትከል,exact + prefix + fuzzy + synonym + Amharic + English transliteration,search/category results; not all shown on Home
S0312,Roofing,የጣሪያ ስራ,Roof tile repair,የጣሪያ ንጣፍ ጥገና,exact + prefix + fuzzy + synonym + Amharic + English transliteration,search/category results; not all shown on Home
S0313,Roofing,የጣሪያ ስራ,Roof waterproofing,የጣሪያ ውሃ መከላከያ,exact + prefix + fuzzy + synonym + Amharic + English transliteration,search/category results; not all shown on Home
S0314,Roofing,የጣሪያ ስራ,Roof insulation,የጣሪያ መከላከያ,exact + prefix + fuzzy + synonym + Amharic + English transliteration,search/category results; not all shown on Home
S0315,Roofing,የጣሪያ ስራ,Roof gutter installation,የጣራ ጣራ መትከል,exact + prefix + fuzzy + synonym + Amharic + English transliteration,search/category results; not all shown on Home
S0316,Roofing,የጣሪያ ስራ,Roof gutter repair,የጣራ ጣራ ጥገና,exact + prefix + fuzzy + synonym + Amharic + English transliteration,search/category results; not all shown on Home
S0317,Roofing,የጣሪያ ስራ,Roof drainage repair,የጣሪያ ፍሳሽ ጥገና,exact + prefix + fuzzy + synonym + Amharic + English transliteration,search/category results; not all shown on Home
S0318,Roofing,የጣሪያ ስራ,Ceiling leak repair,የጣሪያ ፍሳሽ ጥገና,exact + prefix + fuzzy + synonym + Amharic + English transliteration,search/category results; not all shown on Home
S0319,Roofing,የጣሪያ ስራ,Roof inspection,የጣሪያ ምርመራ,exact + prefix + fuzzy + synonym + Amharic + English transliteration,search/category results; not all shown on Home
S0321,Roofing,የጣሪያ ስራ,Roof repainting,የጣሪያ ቀለም መቀባት,exact + prefix + fuzzy + synonym + Amharic + English transliteration,search/category results; not all shown on Home
S0322,Roofing,የጣሪያ ስራ,Roof frame repair,የጣሪያ ፍሬም ጥገና,exact + prefix + fuzzy + synonym + Amharic + English transliteration,search/category results; not all shown on Home
S0323,Roofing,የጣሪያ ስራ,Roof truss installation,የጣሪያ ጣራ መትከል,exact + prefix + fuzzy + synonym + Amharic + English transliteration,search/category results; not all shown on Home
S0324,Roofing,የጣሪያ ስራ,Roof flashing repair,የጣሪያ ብልጭታ ጥገና,exact + prefix + fuzzy + synonym + Amharic + English transliteration,search/category results; not all shown on Home
S0325,Solar & Renewable Energy,ሶላር እና ታዳሽ ኃይል,Solar panel installation,የፀሐይ ፓነል መትከል,exact + prefix + fuzzy + synonym + Amharic + English transliteration,search/category results; not all shown on Home
S0326,Solar & Renewable Energy,ሶላር እና ታዳሽ ኃይል,Solar panel cleaning,የፀሐይ ፓነል ማጽዳት,exact + prefix + fuzzy + synonym + Amharic + English transliteration,search/category results; not all shown on Home
S0327,Solar & Renewable Energy,ሶላር እና ታዳሽ ኃይል,Solar panel repair,የፀሐይ ፓነል ጥገና,exact + prefix + fuzzy + synonym + Amharic + English transliteration,search/category results; not all shown on Home
S0328,Solar & Renewable Energy,ሶላር እና ታዳሽ ኃይል,Solar system inspection,የፀሐይ ስርዓት ምርመራ,exact + prefix + fuzzy + synonym + Amharic + English transliteration,search/category results; not all shown on Home
S0329,Solar & Renewable Energy,ሶላር እና ታዳሽ ኃይል,Solar inverter installation,የፀሐይ ኢንቮርተር መትከል,exact + prefix + fuzzy + synonym + Amharic + English transliteration,search/category results; not all shown on Home
S0330,Solar & Renewable Energy,ሶላር እና ታዳሽ ኃይል,Solar inverter repair,የፀሐይ ኢንቮርተር ጥገና,exact + prefix + fuzzy + synonym + Amharic + English transliteration,search/category results; not all shown on Home
S0331,Solar & Renewable Energy,ሶላር እና ታዳሽ ኃይል,Solar battery installation,የፀሐይ ባትሪ መጫኛ,exact + prefix + fuzzy + synonym + Amharic + English transliteration,search/category results; not all shown on Home
S0332,Solar & Renewable Energy,ሶላር እና ታዳሽ ኃይል,Solar battery replacement,የፀሐይ ባትሪ መተካት,exact + prefix + fuzzy + synonym + Amharic + English transliteration,search/category results; not all shown on Home
S0333,Solar & Renewable Energy,ሶላር እና ታዳሽ ኃይል,Solar water heater installation,የፀሐይ ውሃ ማሞቂያ መትከል,exact + prefix + fuzzy + synonym + Amharic + English transliteration,search/category results; not all shown on Home
S0334,Solar & Renewable Energy,ሶላር እና ታዳሽ ኃይል,Solar water heater repair,የፀሐይ ውሃ ማሞቂያ ጥገና,exact + prefix + fuzzy + synonym + Amharic + English transliteration,search/category results; not all shown on Home
S0335,Solar & Renewable Energy,ሶላር እና ታዳሽ ኃይል,Solar pump installation,የፀሐይ ፓምፕ መትከል,exact + prefix + fuzzy + synonym + Amharic + English transliteration,search/category results; not all shown on Home
S0336,Solar & Renewable Energy,ሶላር እና ታዳሽ ኃይል,Solar pump repair,የፀሐይ ፓምፕ ጥገና,exact + prefix + fuzzy + synonym + Amharic + English transliteration,search/category results; not all shown on Home
S0337,Solar & Renewable Energy,ሶላር እና ታዳሽ ኃይል,Off-grid solar installation,ከፍርግርግ ውጭ የፀሐይ መጫኛ,exact + prefix + fuzzy + synonym + Amharic + English transliteration,search/category results; not all shown on Home
S0338,Solar & Renewable Energy,ሶላር እና ታዳሽ ኃይል,Hybrid solar installation,ድብልቅ የፀሐይ መትከል,exact + prefix + fuzzy + synonym + Amharic + English transliteration,search/category results; not all shown on Home
S0339,Solar & Renewable Energy,ሶላር እና ታዳሽ ኃይል,Solar street light installation,የፀሐይ የመንገድ መብራት መትከል,exact + prefix + fuzzy + synonym + Amharic + English transliteration,search/category results; not all shown on Home
S0340,Solar & Renewable Energy,ሶላር እና ታዳሽ ኃይል,Solar street light repair,የፀሐይ የመንገድ መብራት ጥገና,exact + prefix + fuzzy + synonym + Amharic + English transliteration,search/category results; not all shown on Home
S0341,Solar & Renewable Energy,ሶላር እና ታዳሽ ኃይል,Solar system sizing,የፀሐይ ስርዓት መጠን,exact + prefix + fuzzy + synonym + Amharic + English transliteration,search/category results; not all shown on Home
S0342,Solar & Renewable Energy,ሶላር እና ታዳሽ ኃይል,Solar maintenance,የፀሐይ ጥገና,exact + prefix + fuzzy + synonym + Amharic + English transliteration,search/category results; not all shown on Home
S0343,Generators & Power Backup,ጀነሬተር እና የኃይል ምትክ,Generator installation,የጄነሬተር መጫኛ,exact + prefix + fuzzy + synonym + Amharic + English transliteration,search/category results; not all shown on Home
S0344,Generators & Power Backup,ጀነሬተር እና የኃይል ምትክ,Generator repair,የጄነሬተር ጥገና,exact + prefix + fuzzy + synonym + Amharic + English transliteration,search/category results; not all shown on Home
S0345,Generators & Power Backup,ጀነሬተር እና የኃይል ምትክ,Generator servicing,የጄነሬተር አገልግሎት,exact + prefix + fuzzy + synonym + Amharic + English transliteration,search/category results; not all shown on Home
S0346,Generators & Power Backup,ጀነሬተር እና የኃይል ምትክ,Generator oil change,የጄነሬተር ዘይት ለውጥ,exact + prefix + fuzzy + synonym + Amharic + English transliteration,search/category results; not all shown on Home
S0347,Generators & Power Backup,ጀነሬተር እና የኃይል ምትክ,Generator battery replacement,የጄነሬተር ባትሪ መተካት,exact + prefix + fuzzy + synonym + Amharic + English transliteration,search/category results; not all shown on Home
S0348,Generators & Power Backup,ጀነሬተር እና የኃይል ምትክ,Generator wiring,የጄነሬተር ሽቦ,exact + prefix + fuzzy + synonym + Amharic + English transliteration,search/category results; not all shown on Home
S0349,Generators & Power Backup,ጀነሬተር እና የኃይል ምትክ,Generator fuel system repair,የጄነሬተር የነዳጅ ስርዓት ጥገና,exact + prefix + fuzzy + synonym + Amharic + English transliteration,search/category results; not all shown on Home
S0350,Generators & Power Backup,ጀነሬተር እና የኃይል ምትክ,Generator starter repair,የጄነሬተር ጀማሪ ጥገና,exact + prefix + fuzzy + synonym + Amharic + English transliteration,search/category results; not all shown on Home
S0351,Generators & Power Backup,ጀነሬተር እና የኃይል ምትክ,Generator alternator repair,የጄነሬተር ተለዋጭ ጥገና,exact + prefix + fuzzy + synonym + Amharic + English transliteration,search/category results; not all shown on Home
S0352,Generators & Power Backup,ጀነሬተር እና የኃይል ምትክ,Generator controller repair,የጄነሬተር መቆጣጠሪያ ጥገና,exact + prefix + fuzzy + synonym + Amharic + English transliteration,search/category results; not all shown on Home
S0353,Generators & Power Backup,ጀነሬተር እና የኃይል ምትክ,Generator load testing,የጄነሬተር ጭነት ሙከራ,exact + prefix + fuzzy + synonym + Amharic + English transliteration,search/category results; not all shown on Home
S0354,Generators & Power Backup,ጀነሬተር እና የኃይል ምትክ,Generator preventive maintenance,የጄነሬተር መከላከያ ጥገና,exact + prefix + fuzzy + synonym + Amharic + English transliteration,search/category results; not all shown on Home
S0355,Generators & Power Backup,ጀነሬተር እና የኃይል ምትክ,UPS installation,UPS መጫን,exact + prefix + fuzzy + synonym + Amharic + English transliteration,search/category results; not all shown on Home
S0356,Generators & Power Backup,ጀነሬተር እና የኃይል ምትክ,UPS repair,UPS ጥገና,exact + prefix + fuzzy + synonym + Amharic + English transliteration,search/category results; not all shown on Home
S0357,Generators & Power Backup,ጀነሬተር እና የኃይል ምትክ,UPS battery replacement,UPS ባትሪ መተካት,exact + prefix + fuzzy + synonym + Amharic + English transliteration,search/category results; not all shown on Home
S0358,Generators & Power Backup,ጀነሬተር እና የኃይል ምትክ,Inverter backup installation,ኢንቮርተር የመጠባበቂያ ጭነት,exact + prefix + fuzzy + synonym + Amharic + English transliteration,search/category results; not all shown on Home
S0359,Generators & Power Backup,ጀነሬተር እና የኃይል ምትክ,Backup power inspection,የመጠባበቂያ ኃይል ፍተሻ,exact + prefix + fuzzy + synonym + Amharic + English transliteration,search/category results; not all shown on Home
S0360,Security & Smart Home,ደህንነት እና ስማርት ቤት,CCTV installation,CCTV መጫን,exact + prefix + fuzzy + synonym + Amharic + English transliteration,search/category results; not all shown on Home
S0361,Security & Smart Home,ደህንነት እና ስማርት ቤት,CCTV repair,የ CCTV ጥገና,exact + prefix + fuzzy + synonym + Amharic + English transliteration,search/category results; not all shown on Home
S0362,Security & Smart Home,ደህንነት እና ስማርት ቤት,CCTV maintenance,የ CCTV ጥገና,exact + prefix + fuzzy + synonym + Amharic + English transliteration,search/category results; not all shown on Home
S0363,Security & Smart Home,ደህንነት እና ስማርት ቤት,IP camera installation,የአይፒ ካሜራ ጭነት,exact + prefix + fuzzy + synonym + Amharic + English transliteration,search/category results; not all shown on Home
S0364,Security & Smart Home,ደህንነት እና ስማርት ቤት,DVR installation,DVR መጫን,exact + prefix + fuzzy + synonym + Amharic + English transliteration,search/category results; not all shown on Home
S0365,Security & Smart Home,ደህንነት እና ስማርት ቤት,NVR installation,NVR መጫን,exact + prefix + fuzzy + synonym + Amharic + English transliteration,search/category results; not all shown on Home
S0366,Security & Smart Home,ደህንነት እና ስማርት ቤት,Camera relocation,የካሜራ ማዛወር,exact + prefix + fuzzy + synonym + Amharic + English transliteration,search/category results; not all shown on Home
S0367,Security & Smart Home,ደህንነት እና ስማርት ቤት,Security camera troubleshooting,የደህንነት ካሜራ መላ መፈለግ,exact + prefix + fuzzy + synonym + Amharic + English transliteration,search/category results; not all shown on Home
S0368,Security & Smart Home,ደህንነት እና ስማርት ቤት,Access control installation,የመዳረሻ መቆጣጠሪያ መጫኛ,exact + prefix + fuzzy + synonym + Amharic + English transliteration,search/category results; not all shown on Home
S0369,Security & Smart Home,ደህንነት እና ስማርት ቤት,Access control repair,የመዳረሻ መቆጣጠሪያ ጥገና,exact + prefix + fuzzy + synonym + Amharic + English transliteration,search/category results; not all shown on Home
S0370,Security & Smart Home,ደህንነት እና ስማርት ቤት,Biometric attendance installation,ባዮሜትሪክ የመገኘት ጭነት,exact + prefix + fuzzy + synonym + Amharic + English transliteration,search/category results; not all shown on Home
S0371,Security & Smart Home,ደህንነት እና ስማርት ቤት,Biometric system repair,የባዮሜትሪክ ስርዓት ጥገና,exact + prefix + fuzzy + synonym + Amharic + English transliteration,search/category results; not all shown on Home
S0372,Security & Smart Home,ደህንነት እና ስማርት ቤት,Electric lock installation,የኤሌክትሪክ መቆለፊያ መጫኛ,exact + prefix + fuzzy + synonym + Amharic + English transliteration,search/category results; not all shown on Home
S0373,Security & Smart Home,ደህንነት እና ስማርት ቤት,Smart lock installation,የስማርት መቆለፊያ መጫኛ,exact + prefix + fuzzy + synonym + Amharic + English transliteration,search/category results; not all shown on Home
S0374,Security & Smart Home,ደህንነት እና ስማርት ቤት,Alarm installation,ማንቂያ መጫን,exact + prefix + fuzzy + synonym + Amharic + English transliteration,search/category results; not all shown on Home
S0375,Security & Smart Home,ደህንነት እና ስማርት ቤት,Alarm repair,የማንቂያ ጥገና,exact + prefix + fuzzy + synonym + Amharic + English transliteration,search/category results; not all shown on Home
S0376,Security & Smart Home,ደህንነት እና ስማርት ቤት,Motion sensor installation,የእንቅስቃሴ ዳሳሽ መጫን,exact + prefix + fuzzy + synonym + Amharic + English transliteration,search/category results; not all shown on Home
S0377,Security & Smart Home,ደህንነት እና ስማርት ቤት,Smoke detector installation,የጭስ ማውጫ መትከል,exact + prefix + fuzzy + synonym + Amharic + English transliteration,search/category results; not all shown on Home
S0378,Security & Smart Home,ደህንነት እና ስማርት ቤት,Fire alarm installation,የእሳት ማንቂያ መጫኛ,exact + prefix + fuzzy + synonym + Amharic + English transliteration,search/category results; not all shown on Home
S0379,Security & Smart Home,ደህንነት እና ስማርት ቤት,Intercom installation,የኢንተርኮም ጭነት,exact + prefix + fuzzy + synonym + Amharic + English transliteration,search/category results; not all shown on Home
S0380,Security & Smart Home,ደህንነት እና ስማርት ቤት,Video doorbell installation,የቪዲዮ በር ደወል መትከል,exact + prefix + fuzzy + synonym + Amharic + English transliteration,search/category results; not all shown on Home
S0381,Security & Smart Home,ደህንነት እና ስማርት ቤት,Smart home installation,ዘመናዊ የቤት ጭነት,exact + prefix + fuzzy + synonym + Amharic + English transliteration,search/category results; not all shown on Home
S0382,Security & Smart Home,ደህንነት እና ስማርት ቤት,Smart lighting installation,ብልጥ የመብራት ጭነት,exact + prefix + fuzzy + synonym + Amharic + English transliteration,search/category results; not all shown on Home
S0383,Internet & Networking,ኢንተርኔት እና ኔትወርክ,Home Wi-Fi setup,የቤት ዋይ ፋይ ማዋቀር,exact + prefix + fuzzy + synonym + Amharic + English transliteration,search/category results; not all shown on Home
S0384,Internet & Networking,ኢንተርኔት እና ኔትወርክ,Office Wi-Fi setup,የቢሮ Wi-Fi ማዋቀር,exact + prefix + fuzzy + synonym + Amharic + English transliteration,search/category results; not all shown on Home
S0385,Internet & Networking,ኢንተርኔት እና ኔትወርክ,Wi-Fi troubleshooting,የWi-Fi መላ ፍለጋ,exact + prefix + fuzzy + synonym + Amharic + English transliteration,search/category results; not all shown on Home
S0386,Internet & Networking,ኢንተርኔት እና ኔትወርክ,Router installation,ራውተር መጫን,exact + prefix + fuzzy + synonym + Amharic + English transliteration,search/category results; not all shown on Home
S0387,Internet & Networking,ኢንተርኔት እና ኔትወርክ,Router configuration,ራውተር ውቅር,exact + prefix + fuzzy + synonym + Amharic + English transliteration,search/category results; not all shown on Home
S0388,Internet & Networking,ኢንተርኔት እና ኔትወርክ,Router repair,የራውተር ጥገና,exact + prefix + fuzzy + synonym + Amharic + English transliteration,search/category results; not all shown on Home
S0389,Internet & Networking,ኢንተርኔት እና ኔትወርክ,Network cable installation,የአውታረ መረብ ገመድ መጫን,exact + prefix + fuzzy + synonym + Amharic + English transliteration,search/category results; not all shown on Home
S0390,Internet & Networking,ኢንተርኔት እና ኔትወርክ,Ethernet cable installation,የኤተርኔት ገመድ መጫኛ,exact + prefix + fuzzy + synonym + Amharic + English transliteration,search/category results; not all shown on Home
S0391,Internet & Networking,ኢንተርኔት እና ኔትወርክ,Fiber cable installation,የፋይበር ገመድ መትከል,exact + prefix + fuzzy + synonym + Amharic + English transliteration,search/category results; not all shown on Home
S0392,Internet & Networking,ኢንተርኔት እና ኔትወርክ,Fiber internet setup,የፋይበር ኢንተርኔት ማዋቀር,exact + prefix + fuzzy + synonym + Amharic + English transliteration,search/category results; not all shown on Home
S0393,Internet & Networking,ኢንተርኔት እና ኔትወርክ,Network switch installation,የአውታረ መረብ መቀየሪያ ጭነት,exact + prefix + fuzzy + synonym + Amharic + English transliteration,search/category results; not all shown on Home
S0394,Internet & Networking,ኢንተርኔት እና ኔትወርክ,Network switch configuration,የአውታረ መረብ መቀየሪያ ውቅር,exact + prefix + fuzzy + synonym + Amharic + English transliteration,search/category results; not all shown on Home
S0395,Internet & Networking,ኢንተርኔት እና ኔትወርክ,LAN installation,የ LAN ጭነት,exact + prefix + fuzzy + synonym + Amharic + English transliteration,search/category results; not all shown on Home
S0396,Internet & Networking,ኢንተርኔት እና ኔትወርክ,Office network setup,የቢሮ አውታረ መረብ ማዋቀር,exact + prefix + fuzzy + synonym + Amharic + English transliteration,search/category results; not all shown on Home
S0397,Internet & Networking,ኢንተርኔት እና ኔትወርክ,Network troubleshooting,የአውታረ መረብ መላ ፍለጋ,exact + prefix + fuzzy + synonym + Amharic + English transliteration,search/category results; not all shown on Home
S0398,Internet & Networking,ኢንተርኔት እና ኔትወርክ,Internet speed troubleshooting,የበይነመረብ ፍጥነት መላ ፍለጋ,exact + prefix + fuzzy + synonym + Amharic + English transliteration,search/category results; not all shown on Home
S0399,Internet & Networking,ኢንተርኔት እና ኔትወርክ,Wi-Fi coverage improvement,የWi-Fi ሽፋን ማሻሻል,exact + prefix + fuzzy + synonym + Amharic + English transliteration,search/category results; not all shown on Home
S0400,Internet & Networking,ኢንተርኔት እና ኔትወርክ,Wi-Fi extender installation,የ Wi-Fi ማራዘሚያ ጭነት,exact + prefix + fuzzy + synonym + Amharic + English transliteration,search/category results; not all shown on Home
S0401,Internet & Networking,ኢንተርኔት እና ኔትወርክ,Access point installation,የመዳረሻ ነጥብ መጫኛ,exact + prefix + fuzzy + synonym + Amharic + English transliteration,search/category results; not all shown on Home
S0402,Internet & Networking,ኢንተርኔት እና ኔትወርክ,Server network setup,የአገልጋይ አውታረ መረብ ማዋቀር,exact + prefix + fuzzy + synonym + Amharic + English transliteration,search/category results; not all shown on Home
S0403,Internet & Networking,ኢንተርኔት እና ኔትወርክ,Network rack installation,የአውታረ መረብ መደርደሪያ መጫኛ,exact + prefix + fuzzy + synonym + Amharic + English transliteration,search/category results; not all shown on Home
S0404,Internet & Networking,ኢንተርኔት እና ኔትወርክ,Network maintenance,የአውታረ መረብ ጥገና,exact + prefix + fuzzy + synonym + Amharic + English transliteration,search/category results; not all shown on Home
S0405,Internet & Networking,ኢንተርኔት እና ኔትወርክ,VPN setup,VPN ማዋቀር,exact + prefix + fuzzy + synonym + Amharic + English transliteration,search/category results; not all shown on Home
S0406,Internet & Networking,ኢንተርኔት እና ኔትወርክ,Printer network setup,የአታሚ አውታረ መረብ ማዋቀር,exact + prefix + fuzzy + synonym + Amharic + English transliteration,search/category results; not all shown on Home
S0407,Computers & IT,ኮምፒውተር እና አይቲ,Laptop repair,የላፕቶፕ ጥገና,exact + prefix + fuzzy + synonym + Amharic + English transliteration,search/category results; not all shown on Home
S0408,Computers & IT,ኮምፒውተር እና አይቲ,Desktop repair,የዴስክቶፕ ጥገና,exact + prefix + fuzzy + synonym + Amharic + English transliteration,search/category results; not all shown on Home
S0409,Computers & IT,ኮምፒውተር እና አይቲ,Computer cleaning,የኮምፒተር ማጽዳት,exact + prefix + fuzzy + synonym + Amharic + English transliteration,search/category results; not all shown on Home
S0410,Computers & IT,ኮምፒውተር እና አይቲ,Operating system installation,Operating system installation,exact + prefix + fuzzy + synonym + Amharic + English transliteration,search/category results; not all shown on Home
S0411,Computers & IT,ኮምፒውተር እና አይቲ,Windows installation,Windows installation,exact + prefix + fuzzy + synonym + Amharic + English transliteration,search/category results; not all shown on Home
S0412,Computers & IT,ኮምፒውተር እና አይቲ,Linux installation,Linux installation,exact + prefix + fuzzy + synonym + Amharic + English transliteration,search/category results; not all shown on Home
S0413,Computers & IT,ኮምፒውተር እና አይቲ,Software installation,Software installation,exact + prefix + fuzzy + synonym + Amharic + English transliteration,search/category results; not all shown on Home
S0414,Computers & IT,ኮምፒውተር እና አይቲ,Virus removal,Virus removal,exact + prefix + fuzzy + synonym + Amharic + English transliteration,search/category results; not all shown on Home
S0415,Computers & IT,ኮምፒውተር እና አይቲ,Malware cleanup,ማልዌር ማፅዳት,exact + prefix + fuzzy + synonym + Amharic + English transliteration,search/category results; not all shown on Home
S0416,Computers & IT,ኮምፒውተር እና አይቲ,Data backup,የውሂብ ምትኬ,exact + prefix + fuzzy + synonym + Amharic + English transliteration,search/category results; not all shown on Home
S0417,Computers & IT,ኮምፒውተር እና አይቲ,Data recovery,የውሂብ መልሶ ማግኛ,exact + prefix + fuzzy + synonym + Amharic + English transliteration,search/category results; not all shown on Home
S0418,Computers & IT,ኮምፒውተር እና አይቲ,Hard drive replacement,Hard drive replacement,exact + prefix + fuzzy + synonym + Amharic + English transliteration,search/category results; not all shown on Home
S0419,Computers & IT,ኮምፒውተር እና አይቲ,SSD installation,SSD installation,exact + prefix + fuzzy + synonym + Amharic + English transliteration,search/category results; not all shown on Home
S0420,Computers & IT,ኮምፒውተር እና አይቲ,RAM upgrade,RAM upgrade,exact + prefix + fuzzy + synonym + Amharic + English transliteration,search/category results; not all shown on Home
S0421,Computers & IT,ኮምፒውተር እና አይቲ,Laptop screen replacement,የላፕቶፕ ስክሪን መተካት,exact + prefix + fuzzy + synonym + Amharic + English transliteration,search/category results; not all shown on Home
S0422,Computers & IT,ኮምፒውተር እና አይቲ,Keyboard replacement,የቁልፍ ሰሌዳ መተካት,exact + prefix + fuzzy + synonym + Amharic + English transliteration,search/category results; not all shown on Home
S0423,Computers & IT,ኮምፒውተር እና አይቲ,Laptop battery replacement,የላፕቶፕ ባትሪ መተካት,exact + prefix + fuzzy + synonym + Amharic + English transliteration,search/category results; not all shown on Home
S0424,Computers & IT,ኮምፒውተር እና አይቲ,Laptop charging repair,ላፕቶፕ መሙላት ጥገና,exact + prefix + fuzzy + synonym + Amharic + English transliteration,search/category results; not all shown on Home
S0425,Computers & IT,ኮምፒውተር እና አይቲ,Computer power repair,የኮምፒተር ኃይል ጥገና,exact + prefix + fuzzy + synonym + Amharic + English transliteration,search/category results; not all shown on Home
S0426,Computers & IT,ኮምፒውተር እና አይቲ,Printer setup,የአታሚ ማዋቀር,exact + prefix + fuzzy + synonym + Amharic + English transliteration,search/category results; not all shown on Home
S0427,Computers & IT,ኮምፒውተር እና አይቲ,Printer repair,የአታሚ ጥገና,exact + prefix + fuzzy + synonym + Amharic + English transliteration,search/category results; not all shown on Home
S0428,Computers & IT,ኮምፒውተር እና አይቲ,Scanner setup,ስካነር ማዋቀር,exact + prefix + fuzzy + synonym + Amharic + English transliteration,search/category results; not all shown on Home
S0429,Computers & IT,ኮምፒውተር እና አይቲ,Photocopier setup,ፎቶ ኮፒ ማዋቀር,exact + prefix + fuzzy + synonym + Amharic + English transliteration,search/category results; not all shown on Home
S0430,Computers & IT,ኮምፒውተር እና አይቲ,Photocopier repair,የፎቶ ኮፒ ጥገና,exact + prefix + fuzzy + synonym + Amharic + English transliteration,search/category results; not all shown on Home
S0431,Computers & IT,ኮምፒውተር እና አይቲ,POS computer setup,POS ኮምፒውተር ማዋቀር,exact + prefix + fuzzy + synonym + Amharic + English transliteration,search/category results; not all shown on Home
S0432,Computers & IT,ኮምፒውተር እና አይቲ,Office IT support,የቢሮ IT ድጋፍ,exact + prefix + fuzzy + synonym + Amharic + English transliteration,search/category results; not all shown on Home
S0433,Computers & IT,ኮምፒውተር እና አይቲ,IT troubleshooting,የአይቲ መላ ፍለጋ,exact + prefix + fuzzy + synonym + Amharic + English transliteration,search/category results; not all shown on Home
S0434,Computers & IT,ኮምፒውተር እና አይቲ,Computer network support,የኮምፒውተር አውታረ መረብ ድጋፍ,exact + prefix + fuzzy + synonym + Amharic + English transliteration,search/category results; not all shown on Home
S0435,Computers & IT,ኮምፒውተር እና አይቲ,Website setup,የድር ጣቢያ ማዋቀር,exact + prefix + fuzzy + synonym + Amharic + English transliteration,search/category results; not all shown on Home
S0436,Computers & IT,ኮምፒውተር እና አይቲ,Email setup,የኢሜል ማዋቀር,exact + prefix + fuzzy + synonym + Amharic + English transliteration,search/category results; not all shown on Home
S0437,Computers & IT,ኮምፒውተር እና አይቲ,Cloud backup setup,የደመና ምትኬ ማዋቀር,exact + prefix + fuzzy + synonym + Amharic + English transliteration,search/category results; not all shown on Home
S0438,Mobile Phones & Electronics,ስልክ እና ኤሌክትሮኒክስ,Phone screen replacement,የስልክ ማያ ገጽ መተካት,exact + prefix + fuzzy + synonym + Amharic + English transliteration,search/category results; not all shown on Home
S0439,Mobile Phones & Electronics,ስልክ እና ኤሌክትሮኒክስ,Phone battery replacement,የስልክ ባትሪ መተካት,exact + prefix + fuzzy + synonym + Amharic + English transliteration,search/category results; not all shown on Home
S0440,Mobile Phones & Electronics,ስልክ እና ኤሌክትሮኒክስ,Phone charging port repair,የስልክ ባትሪ መሙያ ወደብ ጥገና,exact + prefix + fuzzy + synonym + Amharic + English transliteration,search/category results; not all shown on Home
S0441,Mobile Phones & Electronics,ስልክ እና ኤሌክትሮኒክስ,Phone software repair,የስልክ ሶፍትዌር ጥገና,exact + prefix + fuzzy + synonym + Amharic + English transliteration,search/category results; not all shown on Home
S0442,Mobile Phones & Electronics,ስልክ እና ኤሌክትሮኒክስ,Phone water-damage diagnosis,የስልክ ውሃ-ጉዳት ምርመራ,exact + prefix + fuzzy + synonym + Amharic + English transliteration,search/category results; not all shown on Home
S0443,Mobile Phones & Electronics,ስልክ እና ኤሌክትሮኒክስ,Phone speaker repair,የስልክ ድምጽ ማጉያ ጥገና,exact + prefix + fuzzy + synonym + Amharic + English transliteration,search/category results; not all shown on Home
S0444,Mobile Phones & Electronics,ስልክ እና ኤሌክትሮኒክስ,Phone microphone repair,የስልክ ማይክሮፎን ጥገና,exact + prefix + fuzzy + synonym + Amharic + English transliteration,search/category results; not all shown on Home
S0445,Mobile Phones & Electronics,ስልክ እና ኤሌክትሮኒክስ,Phone camera repair,የስልክ ካሜራ ጥገና,exact + prefix + fuzzy + synonym + Amharic + English transliteration,search/category results; not all shown on Home
S0446,Mobile Phones & Electronics,ስልክ እና ኤሌክትሮኒክስ,Tablet repair,የጡባዊ ጥገና,exact + prefix + fuzzy + synonym + Amharic + English transliteration,search/category results; not all shown on Home
S0447,Mobile Phones & Electronics,ስልክ እና ኤሌክትሮኒክስ,Tablet screen replacement,የጡባዊ ማያ ገጽ መተካት,exact + prefix + fuzzy + synonym + Amharic + English transliteration,search/category results; not all shown on Home
S0448,Mobile Phones & Electronics,ስልክ እና ኤሌክትሮኒክስ,Smartwatch repair,የስማርት ሰዓት ጥገና,exact + prefix + fuzzy + synonym + Amharic + English transliteration,search/category results; not all shown on Home
S0449,Mobile Phones & Electronics,ስልክ እና ኤሌክትሮኒክስ,Bluetooth speaker repair,የብሉቱዝ ድምጽ ማጉያ ጥገና,exact + prefix + fuzzy + synonym + Amharic + English transliteration,search/category results; not all shown on Home
S0450,Mobile Phones & Electronics,ስልክ እና ኤሌክትሮኒክስ,Headphone repair,የጆሮ ማዳመጫ ጥገና,exact + prefix + fuzzy + synonym + Amharic + English transliteration,search/category results; not all shown on Home
S0451,Mobile Phones & Electronics,ስልክ እና ኤሌክትሮኒክስ,Game console repair,የጨዋታ ኮንሶል ጥገና,exact + prefix + fuzzy + synonym + Amharic + English transliteration,search/category results; not all shown on Home
S0452,Mobile Phones & Electronics,ስልክ እና ኤሌክትሮኒክስ,Remote control repair,የርቀት መቆጣጠሪያ ጥገና,exact + prefix + fuzzy + synonym + Amharic + English transliteration,search/category results; not all shown on Home
S0453,Mobile Phones & Electronics,ስልክ እና ኤሌክትሮኒክስ,Electronic board repair,የኤሌክትሮኒክ ሰሌዳ ጥገና,exact + prefix + fuzzy + synonym + Amharic + English transliteration,search/category results; not all shown on Home
S0454,Mobile Phones & Electronics,ስልክ እና ኤሌክትሮኒክስ,Soldering service,የሽያጭ አገልግሎት,exact + prefix + fuzzy + synonym + Amharic + English transliteration,search/category results; not all shown on Home
S0455,Mobile Phones & Electronics,ስልክ እና ኤሌክትሮኒክስ,Electronic troubleshooting,የኤሌክትሮኒክ መላ ፍለጋ,exact + prefix + fuzzy + synonym + Amharic + English transliteration,search/category results; not all shown on Home
S0456,Vehicle — Cars,የመኪና ስራ,Car engine diagnosis,የመኪና ሞተር ምርመራ,exact + prefix + fuzzy + synonym + Amharic + English transliteration,search/category results; not all shown on Home
S0457,Vehicle — Cars,የመኪና ስራ,Car engine repair,የመኪና ሞተር ጥገና,exact + prefix + fuzzy + synonym + Amharic + English transliteration,search/category results; not all shown on Home
S0458,Vehicle — Cars,የመኪና ስራ,Car oil change,የመኪና ዘይት መቀየር,exact + prefix + fuzzy + synonym + Amharic + English transliteration,search/category results; not all shown on Home
S0459,Vehicle — Cars,የመኪና ስራ,Car brake repair,የመኪና ብሬክ ጥገና,exact + prefix + fuzzy + synonym + Amharic + English transliteration,search/category results; not all shown on Home
S0460,Vehicle — Cars,የመኪና ስራ,Brake pad replacement,የብሬክ ፓድ መተካት,exact + prefix + fuzzy + synonym + Amharic + English transliteration,search/category results; not all shown on Home
S0461,Vehicle — Cars,የመኪና ስራ,Brake disc replacement,የብሬክ ዲስክ መተካት,exact + prefix + fuzzy + synonym + Amharic + English transliteration,search/category results; not all shown on Home
S0462,Vehicle — Cars,የመኪና ስራ,Battery replacement,የባትሪ መተካት,exact + prefix + fuzzy + synonym + Amharic + English transliteration,search/category results; not all shown on Home
S0463,Vehicle — Cars,የመኪና ስራ,Car battery jump-start,የመኪና ባትሪ መዝለል-ጅምር,exact + prefix + fuzzy + synonym + Amharic + English transliteration,search/category results; not all shown on Home
S0464,Vehicle — Cars,የመኪና ስራ,Alternator repair,ተለዋጭ ጥገና,exact + prefix + fuzzy + synonym + Amharic + English transliteration,search/category results; not all shown on Home
S0465,Vehicle — Cars,የመኪና ስራ,Starter repair,የጀማሪ ጥገና,exact + prefix + fuzzy + synonym + Amharic + English transliteration,search/category results; not all shown on Home
S0466,Vehicle — Cars,የመኪና ስራ,Transmission repair,የማስተላለፊያ ጥገና,exact + prefix + fuzzy + synonym + Amharic + English transliteration,search/category results; not all shown on Home
S0467,Vehicle — Cars,የመኪና ስራ,Clutch repair,ክላች ጥገና,exact + prefix + fuzzy + synonym + Amharic + English transliteration,search/category results; not all shown on Home
S0468,Vehicle — Cars,የመኪና ስራ,Suspension repair,የተንጠለጠለበት ጥገና,exact + prefix + fuzzy + synonym + Amharic + English transliteration,search/category results; not all shown on Home
S0469,Vehicle — Cars,የመኪና ስራ,Shock absorber replacement,የድንጋጤ አምጪ መተካት,exact + prefix + fuzzy + synonym + Amharic + English transliteration,search/category results; not all shown on Home
S0470,Vehicle — Cars,የመኪና ስራ,Wheel alignment,የዊልስ አሰላለፍ,exact + prefix + fuzzy + synonym + Amharic + English transliteration,search/category results; not all shown on Home
S0471,Vehicle — Cars,የመኪና ስራ,Wheel balancing,የዊል ማመጣጠን,exact + prefix + fuzzy + synonym + Amharic + English transliteration,search/category results; not all shown on Home
S0472,Vehicle — Cars,የመኪና ስራ,Tire replacement,የጎማ መተካት,exact + prefix + fuzzy + synonym + Amharic + English transliteration,search/category results; not all shown on Home
S0473,Vehicle — Cars,የመኪና ስራ,Tire puncture repair,የጎማ ቀዳዳ ጥገና,exact + prefix + fuzzy + synonym + Amharic + English transliteration,search/category results; not all shown on Home
S0474,Vehicle — Cars,የመኪና ስራ,Car electrical repair,የመኪና ኤሌክትሪክ ጥገና,exact + prefix + fuzzy + synonym + Amharic + English transliteration,search/category results; not all shown on Home
S0475,Vehicle — Cars,የመኪና ስራ,Car AC repair,የመኪና AC ጥገና,exact + prefix + fuzzy + synonym + Amharic + English transliteration,search/category results; not all shown on Home
S0476,Vehicle — Cars,የመኪና ስራ,Car radiator repair,የመኪና ራዲያተሮች ጥገና,exact + prefix + fuzzy + synonym + Amharic + English transliteration,search/category results; not all shown on Home
S0477,Vehicle — Cars,የመኪና ስራ,Coolant replacement,የቀዘቀዘ መተካት,exact + prefix + fuzzy + synonym + Amharic + English transliteration,search/category results; not all shown on Home
S0478,Vehicle — Cars,የመኪና ስራ,Fuel system repair,የነዳጅ ስርዓት ጥገና,exact + prefix + fuzzy + synonym + Amharic + English transliteration,search/category results; not all shown on Home
S0479,Vehicle — Cars,የመኪና ስራ,Injector cleaning,መርፌ ማጽዳት,exact + prefix + fuzzy + synonym + Amharic + English transliteration,search/category results; not all shown on Home
S0480,Vehicle — Cars,የመኪና ስራ,Car diagnostic scan,የመኪና ምርመራ ቅኝት,exact + prefix + fuzzy + synonym + Amharic + English transliteration,search/category results; not all shown on Home
S0481,Vehicle — Cars,የመኪና ስራ,Car key programming,የመኪና ቁልፍ ፕሮግራም,exact + prefix + fuzzy + synonym + Amharic + English transliteration,search/category results; not all shown on Home
S0482,Vehicle — Cars,የመኪና ስራ,Car lockout assistance,የመኪና መቆለፊያ እገዛ,exact + prefix + fuzzy + synonym + Amharic + English transliteration,search/category results; not all shown on Home
S0483,Vehicle — Cars,የመኪና ስራ,Windshield replacement,የንፋስ መከላከያ መተካት,exact + prefix + fuzzy + synonym + Amharic + English transliteration,search/category results; not all shown on Home
S0484,Vehicle — Cars,የመኪና ስራ,Car glass repair,የመኪና መስታወት ጥገና,exact + prefix + fuzzy + synonym + Amharic + English transliteration,search/category results; not all shown on Home
S0485,Vehicle — Cars,የመኪና ስራ,Car body repair,የመኪና አካል ጥገና,exact + prefix + fuzzy + synonym + Amharic + English transliteration,search/category results; not all shown on Home
S0486,Vehicle — Cars,የመኪና ስራ,Car dent repair,የመኪና ጥርስ ጥገና,exact + prefix + fuzzy + synonym + Amharic + English transliteration,search/category results; not all shown on Home
S0487,Vehicle — Cars,የመኪና ስራ,Car painting,የመኪና ሥዕል,exact + prefix + fuzzy + synonym + Amharic + English transliteration,search/category results; not all shown on Home
S0488,Vehicle — Cars,የመኪና ስራ,Car polishing,የመኪና መጥረጊያ,exact + prefix + fuzzy + synonym + Amharic + English transliteration,search/category results; not all shown on Home
S0489,Vehicle — Cars,የመኪና ስራ,Car detailing,የመኪና ዝርዝር መግለጫ,exact + prefix + fuzzy + synonym + Amharic + English transliteration,search/category results; not all shown on Home
S0490,Vehicle — Cars,የመኪና ስራ,Car interior cleaning,የመኪና የውስጥ ጽዳት,exact + prefix + fuzzy + synonym + Amharic + English transliteration,search/category results; not all shown on Home
S0491,Vehicle — Cars,የመኪና ስራ,Car seat repair,የመኪና መቀመጫ ጥገና,exact + prefix + fuzzy + synonym + Amharic + English transliteration,search/category results; not all shown on Home
S0492,Vehicle — Cars,የመኪና ስራ,Car audio installation,የመኪና ድምጽ መጫን,exact + prefix + fuzzy + synonym + Amharic + English transliteration,search/category results; not all shown on Home
S0493,Vehicle — Cars,የመኪና ስራ,GPS installation,የጂፒኤስ ጭነት,exact + prefix + fuzzy + synonym + Amharic + English transliteration,search/category results; not all shown on Home
S0494,Vehicle — Cars,የመኪና ስራ,Dashcam installation,Dashcam መጫን,exact + prefix + fuzzy + synonym + Amharic + English transliteration,search/category results; not all shown on Home
S0495,Vehicle — Cars,የመኪና ስራ,Car alarm installation,የመኪና ማንቂያ መጫኛ,exact + prefix + fuzzy + synonym + Amharic + English transliteration,search/category results; not all shown on Home
S0496,Vehicle — Motorcycles,የሞተር ሳይክል ስራ,Motorcycle engine repair,የሞተር ሳይክል ሞተር ጥገና,exact + prefix + fuzzy + synonym + Amharic + English transliteration,search/category results; not all shown on Home
S0497,Vehicle — Motorcycles,የሞተር ሳይክል ስራ,Motorcycle oil change,የሞተር ሳይክል ዘይት ለውጥ,exact + prefix + fuzzy + synonym + Amharic + English transliteration,search/category results; not all shown on Home
S0498,Vehicle — Motorcycles,የሞተር ሳይክል ስራ,Motorcycle brake repair,የሞተርሳይክል ብሬክ ጥገና,exact + prefix + fuzzy + synonym + Amharic + English transliteration,search/category results; not all shown on Home
S0499,Vehicle — Motorcycles,የሞተር ሳይክል ስራ,Motorcycle chain repair,የሞተርሳይክል ሰንሰለት ጥገና,exact + prefix + fuzzy + synonym + Amharic + English transliteration,search/category results; not all shown on Home
S0500,Vehicle — Motorcycles,የሞተር ሳይክል ስራ,Motorcycle tire repair,የሞተርሳይክል ጎማ ጥገና,exact + prefix + fuzzy + synonym + Amharic + English transliteration,search/category results; not all shown on Home
S0501,Vehicle — Motorcycles,የሞተር ሳይክል ስራ,Motorcycle tire replacement,የሞተርሳይክል ጎማ መተካት,exact + prefix + fuzzy + synonym + Amharic + English transliteration,search/category results; not all shown on Home
S0502,Vehicle — Motorcycles,የሞተር ሳይክል ስራ,Motorcycle battery replacement,የሞተርሳይክል ባትሪ መተካት,exact + prefix + fuzzy + synonym + Amharic + English transliteration,search/category results; not all shown on Home
S0503,Vehicle — Motorcycles,የሞተር ሳይክል ስራ,Motorcycle electrical repair,የሞተር ሳይክል ኤሌክትሪክ ጥገና,exact + prefix + fuzzy + synonym + Amharic + English transliteration,search/category results; not all shown on Home
S0504,Vehicle — Motorcycles,የሞተር ሳይክል ስራ,Motorcycle carburetor service,የሞተርሳይክል ካርበሬተር አገልግሎት,exact + prefix + fuzzy + synonym + Amharic + English transliteration,search/category results; not all shown on Home
S0505,Vehicle — Motorcycles,የሞተር ሳይክል ስራ,Motorcycle fuel system repair,የሞተር ሳይክል የነዳጅ ስርዓት ጥገና,exact + prefix + fuzzy + synonym + Amharic + English transliteration,search/category results; not all shown on Home
S0506,Vehicle — Motorcycles,የሞተር ሳይክል ስራ,Motorcycle suspension repair,የሞተርሳይክል እገዳ ጥገና,exact + prefix + fuzzy + synonym + Amharic + English transliteration,search/category results; not all shown on Home
S0507,Vehicle — Motorcycles,የሞተር ሳይክል ስራ,Motorcycle clutch repair,የሞተርሳይክል ክላች ጥገና,exact + prefix + fuzzy + synonym + Amharic + English transliteration,search/category results; not all shown on Home
S0508,Vehicle — Motorcycles,የሞተር ሳይክል ስራ,Motorcycle diagnostic service,የሞተር ሳይክል ምርመራ አገልግሎት,exact + prefix + fuzzy + synonym + Amharic + English transliteration,search/category results; not all shown on Home
S0509,Vehicle — Motorcycles,የሞተር ሳይክል ስራ,Motorcycle washing,የሞተር ብስክሌት ማጠቢያ,exact + prefix + fuzzy + synonym + Amharic + English transliteration,search/category results; not all shown on Home
S0510,Vehicle — Motorcycles,የሞተር ሳይክል ስራ,Motorcycle detailing,የሞተርሳይክል ዝርዝር,exact + prefix + fuzzy + synonym + Amharic + English transliteration,search/category results; not all shown on Home
S0511,Vehicle — Commercial & Heavy,የንግድ እና ከባድ ተሽከርካሪ ስራ,Truck repair,የጭነት መኪና ጥገና,exact + prefix + fuzzy + synonym + Amharic + English transliteration,search/category results; not all shown on Home
S0512,Vehicle — Commercial & Heavy,የንግድ እና ከባድ ተሽከርካሪ ስራ,Bus repair,የአውቶቡስ ጥገና,exact + prefix + fuzzy + synonym + Amharic + English transliteration,search/category results; not all shown on Home
S0513,Vehicle — Commercial & Heavy,የንግድ እና ከባድ ተሽከርካሪ ስራ,Minibus repair,የሚኒባስ ጥገና,exact + prefix + fuzzy + synonym + Amharic + English transliteration,search/category results; not all shown on Home
S0514,Vehicle — Commercial & Heavy,የንግድ እና ከባድ ተሽከርካሪ ስራ,Taxi repair,የታክሲ ጥገና,exact + prefix + fuzzy + synonym + Amharic + English transliteration,search/category results; not all shown on Home
S0515,Vehicle — Commercial & Heavy,የንግድ እና ከባድ ተሽከርካሪ ስራ,Heavy vehicle engine repair,የከባድ መኪና ሞተር ጥገና,exact + prefix + fuzzy + synonym + Amharic + English transliteration,search/category results; not all shown on Home
S0516,Vehicle — Commercial & Heavy,የንግድ እና ከባድ ተሽከርካሪ ስራ,Heavy vehicle brake repair,የከባድ መኪና ብሬክ ጥገና,exact + prefix + fuzzy + synonym + Amharic + English transliteration,search/category results; not all shown on Home
S0517,Vehicle — Commercial & Heavy,የንግድ እና ከባድ ተሽከርካሪ ስራ,Heavy vehicle electrical repair,ከባድ ተሽከርካሪ የኤሌክትሪክ ጥገና,exact + prefix + fuzzy + synonym + Amharic + English transliteration,search/category results; not all shown on Home
S0518,Vehicle — Commercial & Heavy,የንግድ እና ከባድ ተሽከርካሪ ስራ,Fleet inspection,ፍሊት ፍተሻ,exact + prefix + fuzzy + synonym + Amharic + English transliteration,search/category results; not all shown on Home
S0519,Vehicle — Commercial & Heavy,የንግድ እና ከባድ ተሽከርካሪ ስራ,Fleet preventive maintenance,ፍሊት መከላከያ ጥገና,exact + prefix + fuzzy + synonym + Amharic + English transliteration,search/category results; not all shown on Home
S0520,Vehicle — Commercial & Heavy,የንግድ እና ከባድ ተሽከርካሪ ስራ,Trailer repair,የተጎታች ጥገና,exact + prefix + fuzzy + synonym + Amharic + English transliteration,search/category results; not all shown on Home
S0521,Vehicle — Commercial & Heavy,የንግድ እና ከባድ ተሽከርካሪ ስራ,Truck tire repair,የጭነት መኪና ጎማ ጥገና,exact + prefix + fuzzy + synonym + Amharic + English transliteration,search/category results; not all shown on Home
S0522,Vehicle — Commercial & Heavy,የንግድ እና ከባድ ተሽከርካሪ ስራ,Heavy equipment maintenance,የከባድ መሳሪያዎች ጥገና,exact + prefix + fuzzy + synonym + Amharic + English transliteration,search/category results; not all shown on Home
S0523,Vehicle — Commercial & Heavy,የንግድ እና ከባድ ተሽከርካሪ ስራ,Excavator repair,የኤክስካቫተር ጥገና,exact + prefix + fuzzy + synonym + Amharic + English transliteration,search/category results; not all shown on Home
S0524,Vehicle — Commercial & Heavy,የንግድ እና ከባድ ተሽከርካሪ ስራ,Loader repair,የመጫኛ ጥገና,exact + prefix + fuzzy + synonym + Amharic + English transliteration,search/category results; not all shown on Home
S0525,Vehicle — Commercial & Heavy,የንግድ እና ከባድ ተሽከርካሪ ስራ,Crane maintenance,የክሬን ጥገና,exact + prefix + fuzzy + synonym + Amharic + English transliteration,search/category results; not all shown on Home
S0526,Vehicle — Commercial & Heavy,የንግድ እና ከባድ ተሽከርካሪ ስራ,Forklift repair,Forklift ጥገና,exact + prefix + fuzzy + synonym + Amharic + English transliteration,search/category results; not all shown on Home
S0527,Vehicle — Commercial & Heavy,የንግድ እና ከባድ ተሽከርካሪ ስራ,Compressor repair,የኮምፕረር ጥገና,exact + prefix + fuzzy + synonym + Amharic + English transliteration,search/category results; not all shown on Home
S0528,Vehicle — Commercial & Heavy,የንግድ እና ከባድ ተሽከርካሪ ስራ,Construction equipment servicing,የግንባታ መሳሪያዎች አገልግሎት,exact + prefix + fuzzy + synonym + Amharic + English transliteration,search/category results; not all shown on Home
S0529,Moving & Delivery,ማጓጓዣ እና ዴሊቨሪ,House moving,ቤት መንቀሳቀስ,exact + prefix + fuzzy + synonym + Amharic + English transliteration,search/category results; not all shown on Home
S0530,Moving & Delivery,ማጓጓዣ እና ዴሊቨሪ,Apartment moving,አፓርትመንት መንቀሳቀስ,exact + prefix + fuzzy + synonym + Amharic + English transliteration,search/category results; not all shown on Home
S0531,Moving & Delivery,ማጓጓዣ እና ዴሊቨሪ,Office moving,የቢሮ መንቀሳቀስ,exact + prefix + fuzzy + synonym + Amharic + English transliteration,search/category results; not all shown on Home
S0532,Moving & Delivery,ማጓጓዣ እና ዴሊቨሪ,Shop moving,መሸጫ መሸጫ,exact + prefix + fuzzy + synonym + Amharic + English transliteration,search/category results; not all shown on Home
S0533,Moving & Delivery,ማጓጓዣ እና ዴሊቨሪ,Furniture moving,የቤት ዕቃዎች መንቀሳቀስ,exact + prefix + fuzzy + synonym + Amharic + English transliteration,search/category results; not all shown on Home
S0534,Moving & Delivery,ማጓጓዣ እና ዴሊቨሪ,Appliance moving,መሳሪያ መንቀሳቀስ,exact + prefix + fuzzy + synonym + Amharic + English transliteration,search/category results; not all shown on Home
S0535,Moving & Delivery,ማጓጓዣ እና ዴሊቨሪ,Local delivery,የአካባቢ አቅርቦት,exact + prefix + fuzzy + synonym + Amharic + English transliteration,search/category results; not all shown on Home
S0536,Moving & Delivery,ማጓጓዣ እና ዴሊቨሪ,Document delivery,Document delivery,exact + prefix + fuzzy + synonym + Amharic + English transliteration,search/category results; not all shown on Home
S0537,Moving & Delivery,ማጓጓዣ እና ዴሊቨሪ,Small parcel delivery,Small parcel delivery,exact + prefix + fuzzy + synonym + Amharic + English transliteration,search/category results; not all shown on Home
S0538,Moving & Delivery,ማጓጓዣ እና ዴሊቨሪ,Heavy item delivery,Heavy item delivery,exact + prefix + fuzzy + synonym + Amharic + English transliteration,search/category results; not all shown on Home
S0539,Moving & Delivery,ማጓጓዣ እና ዴሊቨሪ,Same-day delivery,በተመሳሳይ ቀን ማድረስ,exact + prefix + fuzzy + synonym + Amharic + English transliteration,search/category results; not all shown on Home
S0540,Moving & Delivery,ማጓጓዣ እና ዴሊቨሪ,Scheduled delivery,የታቀደ ማድረስ,exact + prefix + fuzzy + synonym + Amharic + English transliteration,search/category results; not all shown on Home
S0541,Moving & Delivery,ማጓጓዣ እና ዴሊቨሪ,Furniture assembly after moving,ከተንቀሳቀሱ በኋላ የቤት ዕቃዎች ስብስብ,exact + prefix + fuzzy + synonym + Amharic + English transliteration,search/category results; not all shown on Home
S0542,Moving & Delivery,ማጓጓዣ እና ዴሊቨሪ,Packing service,የማሸጊያ አገልግሎት,exact + prefix + fuzzy + synonym + Amharic + English transliteration,search/category results; not all shown on Home
S0543,Moving & Delivery,ማጓጓዣ እና ዴሊቨሪ,Unpacking service,የማሸግ አገልግሎት,exact + prefix + fuzzy + synonym + Amharic + English transliteration,search/category results; not all shown on Home
S0544,Moving & Delivery,ማጓጓዣ እና ዴሊቨሪ,Loading service,አገልግሎትን በመጫን ላይ,exact + prefix + fuzzy + synonym + Amharic + English transliteration,search/category results; not all shown on Home
S0545,Moving & Delivery,ማጓጓዣ እና ዴሊቨሪ,Unloading service,የማውረድ አገልግሎት,exact + prefix + fuzzy + synonym + Amharic + English transliteration,search/category results; not all shown on Home
S0546,Moving & Delivery,ማጓጓዣ እና ዴሊቨሪ,Storage moving,ማከማቻ መንቀሳቀስ,exact + prefix + fuzzy + synonym + Amharic + English transliteration,search/category results; not all shown on Home
S0547,Moving & Delivery,ማጓጓዣ እና ዴሊቨሪ,Warehouse transfer,የመጋዘን ማስተላለፍ,exact + prefix + fuzzy + synonym + Amharic + English transliteration,search/category results; not all shown on Home
S0548,Gardening & Landscaping,አትክልት እና ላንድስኬፕ,Garden design,የአትክልት ንድፍ,exact + prefix + fuzzy + synonym + Amharic + English transliteration,search/category results; not all shown on Home
S0549,Gardening & Landscaping,አትክልት እና ላንድስኬፕ,Garden maintenance,የአትክልት ጥገና,exact + prefix + fuzzy + synonym + Amharic + English transliteration,search/category results; not all shown on Home
S0550,Gardening & Landscaping,አትክልት እና ላንድስኬፕ,Lawn mowing,የሣር ማጨድ,exact + prefix + fuzzy + synonym + Amharic + English transliteration,search/category results; not all shown on Home
S0551,Gardening & Landscaping,አትክልት እና ላንድስኬፕ,Grass planting,ሣር መትከል,exact + prefix + fuzzy + synonym + Amharic + English transliteration,search/category results; not all shown on Home
S0552,Gardening & Landscaping,አትክልት እና ላንድስኬፕ,Tree planting,ዛፍ መትከል,exact + prefix + fuzzy + synonym + Amharic + English transliteration,search/category results; not all shown on Home
S0553,Gardening & Landscaping,አትክልት እና ላንድስኬፕ,Tree pruning,ዛፍ መቁረጥ,exact + prefix + fuzzy + synonym + Amharic + English transliteration,search/category results; not all shown on Home
S0554,Gardening & Landscaping,አትክልት እና ላንድስኬፕ,Tree removal,ዛፎችን ማስወገድ,exact + prefix + fuzzy + synonym + Amharic + English transliteration,search/category results; not all shown on Home
S0555,Gardening & Landscaping,አትክልት እና ላንድስኬፕ,Hedge trimming,አጥር መቁረጥ,exact + prefix + fuzzy + synonym + Amharic + English transliteration,search/category results; not all shown on Home
S0556,Gardening & Landscaping,አትክልት እና ላንድስኬፕ,Flower planting,የአበባ መትከል,exact + prefix + fuzzy + synonym + Amharic + English transliteration,search/category results; not all shown on Home
S0557,Gardening & Landscaping,አትክልት እና ላንድስኬፕ,Vegetable garden setup,የአትክልት የአትክልት አቀማመጥ,exact + prefix + fuzzy + synonym + Amharic + English transliteration,search/category results; not all shown on Home
S0558,Gardening & Landscaping,አትክልት እና ላንድስኬፕ,Irrigation installation,የመስኖ መትከል,exact + prefix + fuzzy + synonym + Amharic + English transliteration,search/category results; not all shown on Home
S0559,Gardening & Landscaping,አትክልት እና ላንድስኬፕ,Garden irrigation repair,የአትክልት መስኖ ጥገና,exact + prefix + fuzzy + synonym + Amharic + English transliteration,search/category results; not all shown on Home
S0560,Gardening & Landscaping,አትክልት እና ላንድስኬፕ,Drip irrigation installation,የሚንጠባጠብ መስኖ መትከል,exact + prefix + fuzzy + synonym + Amharic + English transliteration,search/category results; not all shown on Home
S0561,Gardening & Landscaping,አትክልት እና ላንድስኬፕ,Lawn irrigation repair,የሳር መስኖ ጥገና,exact + prefix + fuzzy + synonym + Amharic + English transliteration,search/category results; not all shown on Home
S0562,Gardening & Landscaping,አትክልት እና ላንድስኬፕ,Garden cleanup,Garden cleanup,exact + prefix + fuzzy + synonym + Amharic + English transliteration,search/category results; not all shown on Home
S0563,Gardening & Landscaping,አትክልት እና ላንድስኬፕ,Landscaping,የመሬት አቀማመጥ,exact + prefix + fuzzy + synonym + Amharic + English transliteration,search/category results; not all shown on Home
S0564,Gardening & Landscaping,አትክልት እና ላንድስኬፕ,Paving garden paths,የጓሮ አትክልት መንገዶች,exact + prefix + fuzzy + synonym + Amharic + English transliteration,search/category results; not all shown on Home
S0565,Gardening & Landscaping,አትክልት እና ላንድስኬፕ,Outdoor lighting installation,የውጭ መብራት መትከል,exact + prefix + fuzzy + synonym + Amharic + English transliteration,search/category results; not all shown on Home
S0566,Gardening & Landscaping,አትክልት እና ላንድስኬፕ,Compost setup,ኮምፖስት ማዋቀር,exact + prefix + fuzzy + synonym + Amharic + English transliteration,search/category results; not all shown on Home
S0567,Gardening & Landscaping,አትክልት እና ላንድስኬፕ,Garden pest treatment,የአትክልት ተባዮች ሕክምና,exact + prefix + fuzzy + synonym + Amharic + English transliteration,search/category results; not all shown on Home
S0568,Pest Control,የተባይ ቁጥጥር,Cockroach control,የበረሮ ቁጥጥር,exact + prefix + fuzzy + synonym + Amharic + English transliteration,search/category results; not all shown on Home
S0569,Pest Control,የተባይ ቁጥጥር,Ant control,የጉንዳን ቁጥጥር,exact + prefix + fuzzy + synonym + Amharic + English transliteration,search/category results; not all shown on Home
S0570,Pest Control,የተባይ ቁጥጥር,Termite control,የምስጥ መቆጣጠሪያ,exact + prefix + fuzzy + synonym + Amharic + English transliteration,search/category results; not all shown on Home
S0571,Pest Control,የተባይ ቁጥጥር,Bed bug control,የአልጋ ቁራኛ መቆጣጠሪያ,exact + prefix + fuzzy + synonym + Amharic + English transliteration,search/category results; not all shown on Home
S0572,Pest Control,የተባይ ቁጥጥር,Mosquito control,የወባ ትንኝ ቁጥጥር,exact + prefix + fuzzy + synonym + Amharic + English transliteration,search/category results; not all shown on Home
S0573,Pest Control,የተባይ ቁጥጥር,Fly control,የበረራ መቆጣጠሪያ,exact + prefix + fuzzy + synonym + Amharic + English transliteration,search/category results; not all shown on Home
S0574,Pest Control,የተባይ ቁጥጥር,Rodent control,የሮድ መቆጣጠሪያ,exact + prefix + fuzzy + synonym + Amharic + English transliteration,search/category results; not all shown on Home
S0575,Pest Control,የተባይ ቁጥጥር,Rat control,የአይጥ ቁጥጥር,exact + prefix + fuzzy + synonym + Amharic + English transliteration,search/category results; not all shown on Home
S0576,Pest Control,የተባይ ቁጥጥር,Mouse control,የመዳፊት መቆጣጠሪያ,exact + prefix + fuzzy + synonym + Amharic + English transliteration,search/category results; not all shown on Home
S0577,Pest Control,የተባይ ቁጥጥር,Flea control,ቁንጫዎችን መቆጣጠር,exact + prefix + fuzzy + synonym + Amharic + English transliteration,search/category results; not all shown on Home
S0578,Pest Control,የተባይ ቁጥጥር,Wasp control,ተርብ ቁጥጥር,exact + prefix + fuzzy + synonym + Amharic + English transliteration,search/category results; not all shown on Home
S0579,Pest Control,የተባይ ቁጥጥር,Bee-safe relocation,ንብ-አስተማማኝ ማዛወር,exact + prefix + fuzzy + synonym + Amharic + English transliteration,search/category results; not all shown on Home
S0580,Pest Control,የተባይ ቁጥጥር,General pest inspection,አጠቃላይ የተባይ ምርመራ,exact + prefix + fuzzy + synonym + Amharic + English transliteration,search/category results; not all shown on Home
S0581,Pest Control,የተባይ ቁጥጥር,Pest prevention,ተባይ መከላከል,exact + prefix + fuzzy + synonym + Amharic + English transliteration,search/category results; not all shown on Home
S0582,Pest Control,የተባይ ቁጥጥር,Commercial pest control,የንግድ ተባዮች ቁጥጥር,exact + prefix + fuzzy + synonym + Amharic + English transliteration,search/category results; not all shown on Home
S0583,Pest Control,የተባይ ቁጥጥር,Restaurant pest control,የምግብ ቤት ተባዮች ቁጥጥር,exact + prefix + fuzzy + synonym + Amharic + English transliteration,search/category results; not all shown on Home
S0584,Pest Control,የተባይ ቁጥጥር,Warehouse pest control,የመጋዘን ተባይ መቆጣጠሪያ,exact + prefix + fuzzy + synonym + Amharic + English transliteration,search/category results; not all shown on Home
S0585,Pest Control,የተባይ ቁጥጥር,Office pest control,የቢሮ ተባይ መቆጣጠሪያ,exact + prefix + fuzzy + synonym + Amharic + English transliteration,search/category results; not all shown on Home
S0586,Laundry & Garment Care,ልብስ ማጠቢያ እና እንክብካቤ,Wash clothes,ልብሶችን ማጠብ,exact + prefix + fuzzy + synonym + Amharic + English transliteration,search/category results; not all shown on Home
S0587,Laundry & Garment Care,ልብስ ማጠቢያ እና እንክብካቤ,Dry cleaning,ደረቅ ማጽዳት,exact + prefix + fuzzy + synonym + Amharic + English transliteration,search/category results; not all shown on Home
S0588,Laundry & Garment Care,ልብስ ማጠቢያ እና እንክብካቤ,Ironing clothes,የሚለበስ ልብስ,exact + prefix + fuzzy + synonym + Amharic + English transliteration,search/category results; not all shown on Home
S0589,Laundry & Garment Care,ልብስ ማጠቢያ እና እንክብካቤ,Steam ironing,የእንፋሎት ብረት ማበጠር,exact + prefix + fuzzy + synonym + Amharic + English transliteration,search/category results; not all shown on Home
S0590,Laundry & Garment Care,ልብስ ማጠቢያ እና እንክብካቤ,Curtain laundry,መጋረጃ የልብስ ማጠቢያ,exact + prefix + fuzzy + synonym + Amharic + English transliteration,search/category results; not all shown on Home
S0591,Laundry & Garment Care,ልብስ ማጠቢያ እና እንክብካቤ,Carpet laundry,ምንጣፍ የልብስ ማጠቢያ,exact + prefix + fuzzy + synonym + Amharic + English transliteration,search/category results; not all shown on Home
S0592,Laundry & Garment Care,ልብስ ማጠቢያ እና እንክብካቤ,Blanket cleaning,ብርድ ልብስ ማጽዳት,exact + prefix + fuzzy + synonym + Amharic + English transliteration,search/category results; not all shown on Home
S0594,Laundry & Garment Care,ልብስ ማጠቢያ እና እንክብካቤ,Shoe cleaning,ጫማ ማጽዳት,exact + prefix + fuzzy + synonym + Amharic + English transliteration,search/category results; not all shown on Home
S0595,Laundry & Garment Care,ልብስ ማጠቢያ እና እንክብካቤ,Leather shoe cleaning,የቆዳ ጫማ ማጽዳት,exact + prefix + fuzzy + synonym + Amharic + English transliteration,search/category results; not all shown on Home
S0596,Laundry & Garment Care,ልብስ ማጠቢያ እና እንክብካቤ,Bag cleaning,ቦርሳ ማጽዳት,exact + prefix + fuzzy + synonym + Amharic + English transliteration,search/category results; not all shown on Home
S0597,Laundry & Garment Care,ልብስ ማጠቢያ እና እንክብካቤ,Clothing stain removal,የልብስ እድፍ ማስወገድ,exact + prefix + fuzzy + synonym + Amharic + English transliteration,search/category results; not all shown on Home
S0598,Laundry & Garment Care,ልብስ ማጠቢያ እና እንክብካቤ,Wedding dress cleaning,የሠርግ ልብስ ማጽዳት,exact + prefix + fuzzy + synonym + Amharic + English transliteration,search/category results; not all shown on Home
S0599,Laundry & Garment Care,ልብስ ማጠቢያ እና እንክብካቤ,Uniform laundry,ዩኒፎርም የልብስ ማጠቢያ,exact + prefix + fuzzy + synonym + Amharic + English transliteration,search/category results; not all shown on Home
S0600,Laundry & Garment Care,ልብስ ማጠቢያ እና እንክብካቤ,Hotel laundry,የሆቴል የልብስ ማጠቢያ,exact + prefix + fuzzy + synonym + Amharic + English transliteration,search/category results; not all shown on Home
S0601,Laundry & Garment Care,ልብስ ማጠቢያ እና እንክብካቤ,Restaurant linen laundry,ምግብ ቤት የልብስ ማጠቢያ,exact + prefix + fuzzy + synonym + Amharic + English transliteration,search/category results; not all shown on Home
S0602,Tailoring & Clothing,ልብስ ስፌት እና ጥገና,Clothes alteration,የልብስ መለዋወጥ,exact + prefix + fuzzy + synonym + Amharic + English transliteration,search/category results; not all shown on Home
S0603,Tailoring & Clothing,ልብስ ስፌት እና ጥገና,Trouser alteration,ሱሪ መቀየር,exact + prefix + fuzzy + synonym + Amharic + English transliteration,search/category results; not all shown on Home
S0604,Tailoring & Clothing,ልብስ ስፌት እና ጥገና,Dress alteration,የአለባበስ ለውጥ,exact + prefix + fuzzy + synonym + Amharic + English transliteration,search/category results; not all shown on Home
S0605,Tailoring & Clothing,ልብስ ስፌት እና ጥገና,Shirt alteration,የሸሚዝ ለውጥ,exact + prefix + fuzzy + synonym + Amharic + English transliteration,search/category results; not all shown on Home
S0606,Tailoring & Clothing,ልብስ ስፌት እና ጥገና,Zipper replacement,ዚፐር መተካት,exact + prefix + fuzzy + synonym + Amharic + English transliteration,search/category results; not all shown on Home
S0607,Tailoring & Clothing,ልብስ ስፌት እና ጥገና,Button replacement,የአዝራር መተካት,exact + prefix + fuzzy + synonym + Amharic + English transliteration,search/category results; not all shown on Home
S0608,Tailoring & Clothing,ልብስ ስፌት እና ጥገና,Clothing repair,የልብስ ጥገና,exact + prefix + fuzzy + synonym + Amharic + English transliteration,search/category results; not all shown on Home
S0609,Tailoring & Clothing,ልብስ ስፌት እና ጥገና,School uniform tailoring,የትምህርት ቤት ዩኒፎርም ልብስ መልበስ,exact + prefix + fuzzy + synonym + Amharic + English transliteration,search/category results; not all shown on Home
S0610,Tailoring & Clothing,ልብስ ስፌት እና ጥገና,Work uniform tailoring,ወጥ የሆነ የልብስ ስፌት ሥራ,exact + prefix + fuzzy + synonym + Amharic + English transliteration,search/category results; not all shown on Home
S0611,Tailoring & Clothing,ልብስ ስፌት እና ጥገና,Custom dressmaking,ብጁ አለባበስ,exact + prefix + fuzzy + synonym + Amharic + English transliteration,search/category results; not all shown on Home
S0612,Tailoring & Clothing,ልብስ ስፌት እና ጥገና,Custom suit tailoring,Custom suit tailoring,exact + prefix + fuzzy + synonym + Amharic + English transliteration,search/category results; not all shown on Home
S0613,Tailoring & Clothing,ልብስ ስፌት እና ጥገና,Traditional clothing tailoring,Traditional clothing tailoring,exact + prefix + fuzzy + synonym + Amharic + English transliteration,search/category results; not all shown on Home
S0614,Tailoring & Clothing,ልብስ ስፌት እና ጥገና,Wedding dress tailoring,የሰርግ ልብስ ማበጀት።,exact + prefix + fuzzy + synonym + Amharic + English transliteration,search/category results; not all shown on Home
S0615,Tailoring & Clothing,ልብስ ስፌት እና ጥገና,Curtain tailoring,መጋረጃ ማስተካከል,exact + prefix + fuzzy + synonym + Amharic + English transliteration,search/category results; not all shown on Home
S0616,Tailoring & Clothing,ልብስ ስፌት እና ጥገና,Clothing resizing,Clothing resizing,exact + prefix + fuzzy + synonym + Amharic + English transliteration,search/category results; not all shown on Home
S0617,Tailoring & Clothing,ልብስ ስፌት እና ጥገና,Clothing hemming,የልብስ መሸፈኛ,exact + prefix + fuzzy + synonym + Amharic + English transliteration,search/category results; not all shown on Home
S0618,Tailoring & Clothing,ልብስ ስፌት እና ጥገና,Leather clothing repair,የቆዳ ልብስ ጥገና,exact + prefix + fuzzy + synonym + Amharic + English transliteration,search/category results; not all shown on Home
S0619,Beauty & Personal Care,ውበት እና የግል እንክብካቤ,Haircut at home,በቤት ውስጥ የፀጉር አሠራር,exact + prefix + fuzzy + synonym + Amharic + English transliteration,search/category results; not all shown on Home
S0620,Beauty & Personal Care,ውበት እና የግል እንክብካቤ,Hair styling at home,በቤት ውስጥ የፀጉር አሠራር,exact + prefix + fuzzy + synonym + Amharic + English transliteration,search/category results; not all shown on Home
S0621,Beauty & Personal Care,ውበት እና የግል እንክብካቤ,Braiding,Braiding,exact + prefix + fuzzy + synonym + Amharic + English transliteration,search/category results; not all shown on Home
S0622,Beauty & Personal Care,ውበት እና የግል እንክብካቤ,Hair treatment,Hair treatment,exact + prefix + fuzzy + synonym + Amharic + English transliteration,search/category results; not all shown on Home
S0623,Beauty & Personal Care,ውበት እና የግል እንክብካቤ,Makeup service,Makeup service,exact + prefix + fuzzy + synonym + Amharic + English transliteration,search/category results; not all shown on Home
S0624,Beauty & Personal Care,ውበት እና የግል እንክብካቤ,Bridal makeup,Bridal makeup,exact + prefix + fuzzy + synonym + Amharic + English transliteration,search/category results; not all shown on Home
S0625,Beauty & Personal Care,ውበት እና የግል እንክብካቤ,Manicure,Manicure,exact + prefix + fuzzy + synonym + Amharic + English transliteration,search/category results; not all shown on Home
S0626,Beauty & Personal Care,ውበት እና የግል እንክብካቤ,Pedicure,Pedicure,exact + prefix + fuzzy + synonym + Amharic + English transliteration,search/category results; not all shown on Home
S0627,Beauty & Personal Care,ውበት እና የግል እንክብካቤ,Nail repair,Nail repair,exact + prefix + fuzzy + synonym + Amharic + English transliteration,search/category results; not all shown on Home
S0628,Beauty & Personal Care,ውበት እና የግል እንክብካቤ,Facial,የፊት ገጽታ,exact + prefix + fuzzy + synonym + Amharic + English transliteration,search/category results; not all shown on Home
S0629,Beauty & Personal Care,ውበት እና የግል እንክብካቤ,Massage,ማሸት,exact + prefix + fuzzy + synonym + Amharic + English transliteration,search/category results; not all shown on Home
S0630,Beauty & Personal Care,ውበት እና የግል እንክብካቤ,Barber service,የባርበር አገልግሎት,exact + prefix + fuzzy + synonym + Amharic + English transliteration,search/category results; not all shown on Home
S0631,Beauty & Personal Care,ውበት እና የግል እንክብካቤ,Beard grooming,ጢም ማስጌጥ,exact + prefix + fuzzy + synonym + Amharic + English transliteration,search/category results; not all shown on Home
S0632,Beauty & Personal Care,ውበት እና የግል እንክብካቤ,Eyebrow shaping,የቅንድብ ቅርጽ,exact + prefix + fuzzy + synonym + Amharic + English transliteration,search/category results; not all shown on Home
S0633,Beauty & Personal Care,ውበት እና የግል እንክብካቤ,Waxing,ሰም ማረግ,exact + prefix + fuzzy + synonym + Amharic + English transliteration,search/category results; not all shown on Home
S0634,Beauty & Personal Care,ውበት እና የግል እንክብካቤ,Henna service,የሄና አገልግሎት,exact + prefix + fuzzy + synonym + Amharic + English transliteration,search/category results; not all shown on Home
S0635,Beauty & Personal Care,ውበት እና የግል እንክብካቤ,Home beauty service,የቤት ውበት አገልግሎት,exact + prefix + fuzzy + synonym + Amharic + English transliteration,search/category results; not all shown on Home
S0636,Beauty & Personal Care,ውበት እና የግል እንክብካቤ,Event makeup,የክስተት ሜካፕ,exact + prefix + fuzzy + synonym + Amharic + English transliteration,search/category results; not all shown on Home
S0637,Photography & Media,ፎቶግራፊ እና ሚዲያ,Event photography,የክስተት ፎቶግራፍ ማንሳት,exact + prefix + fuzzy + synonym + Amharic + English transliteration,search/category results; not all shown on Home
S0638,Photography & Media,ፎቶግራፊ እና ሚዲያ,Wedding photography,የሰርግ ፎቶግራፍ,exact + prefix + fuzzy + synonym + Amharic + English transliteration,search/category results; not all shown on Home
S0639,Photography & Media,ፎቶግራፊ እና ሚዲያ,Birthday photography,የልደት ፎቶግራፍ,exact + prefix + fuzzy + synonym + Amharic + English transliteration,search/category results; not all shown on Home
S0640,Photography & Media,ፎቶግራፊ እና ሚዲያ,Product photography,የምርት ፎቶግራፍ,exact + prefix + fuzzy + synonym + Amharic + English transliteration,search/category results; not all shown on Home
S0641,Photography & Media,ፎቶግራፊ እና ሚዲያ,Real estate photography,የሪል እስቴት ፎቶግራፍ,exact + prefix + fuzzy + synonym + Amharic + English transliteration,search/category results; not all shown on Home
S0642,Photography & Media,ፎቶግራፊ እና ሚዲያ,Portrait photography,የቁም ፎቶግራፍ,exact + prefix + fuzzy + synonym + Amharic + English transliteration,search/category results; not all shown on Home
S0643,Photography & Media,ፎቶግራፊ እና ሚዲያ,Passport photo service,የፓስፖርት ፎቶ አገልግሎት,exact + prefix + fuzzy + synonym + Amharic + English transliteration,search/category results; not all shown on Home
S0644,Photography & Media,ፎቶግራፊ እና ሚዲያ,Corporate photography,የኮርፖሬት ፎቶግራፊ,exact + prefix + fuzzy + synonym + Amharic + English transliteration,search/category results; not all shown on Home
S0645,Photography & Media,ፎቶግራፊ እና ሚዲያ,Video recording,የቪዲዮ ቀረጻ,exact + prefix + fuzzy + synonym + Amharic + English transliteration,search/category results; not all shown on Home
S0646,Photography & Media,ፎቶግራፊ እና ሚዲያ,Event videography,የክስተት ቪዲዮግራፊ,exact + prefix + fuzzy + synonym + Amharic + English transliteration,search/category results; not all shown on Home
S0647,Photography & Media,ፎቶግራፊ እና ሚዲያ,Wedding videography,የሰርግ ቪዲዮ,exact + prefix + fuzzy + synonym + Amharic + English transliteration,search/category results; not all shown on Home
S0648,Photography & Media,ፎቶግራፊ እና ሚዲያ,Drone photography,ድሮን ፎቶግራፊ,exact + prefix + fuzzy + synonym + Amharic + English transliteration,search/category results; not all shown on Home
S0649,Photography & Media,ፎቶግራፊ እና ሚዲያ,Drone videography,ድሮን ቪዲዮግራፊ,exact + prefix + fuzzy + synonym + Amharic + English transliteration,search/category results; not all shown on Home
S0650,Photography & Media,ፎቶግራፊ እና ሚዲያ,Video editing,የቪዲዮ አርትዖት,exact + prefix + fuzzy + synonym + Amharic + English transliteration,search/category results; not all shown on Home
S0651,Photography & Media,ፎቶግራፊ እና ሚዲያ,Photo editing,የፎቶ አርትዖት,exact + prefix + fuzzy + synonym + Amharic + English transliteration,search/category results; not all shown on Home
S0652,Photography & Media,ፎቶግራፊ እና ሚዲያ,Photo restoration,የፎቶ እነበረበት መልስ,exact + prefix + fuzzy + synonym + Amharic + English transliteration,search/category results; not all shown on Home
S0653,Photography & Media,ፎቶግራፊ እና ሚዲያ,Live streaming,የቀጥታ ስርጭት,exact + prefix + fuzzy + synonym + Amharic + English transliteration,search/category results; not all shown on Home
S0654,Photography & Media,ፎቶግራፊ እና ሚዲያ,Audio recording,የድምጽ ቀረጻ,exact + prefix + fuzzy + synonym + Amharic + English transliteration,search/category results; not all shown on Home
S0655,Photography & Media,ፎቶግራፊ እና ሚዲያ,Podcast recording,ፖድካስት ቀረጻ,exact + prefix + fuzzy + synonym + Amharic + English transliteration,search/category results; not all shown on Home
S0656,Photography & Media,ፎቶግራፊ እና ሚዲያ,Photo printing,የፎቶ ማተም,exact + prefix + fuzzy + synonym + Amharic + English transliteration,search/category results; not all shown on Home
S0657,Events & Catering,ኢቨንት እና ኬተሪንግ,Event planning,የክስተት እቅድ ማውጣት,exact + prefix + fuzzy + synonym + Amharic + English transliteration,search/category results; not all shown on Home
S0658,Events & Catering,ኢቨንት እና ኬተሪንግ,Wedding planning,የሰርግ ዝግጅት,exact + prefix + fuzzy + synonym + Amharic + English transliteration,search/category results; not all shown on Home
S0659,Events & Catering,ኢቨንት እና ኬተሪንግ,Birthday planning,የልደት እቅድ,exact + prefix + fuzzy + synonym + Amharic + English transliteration,search/category results; not all shown on Home
S0660,Events & Catering,ኢቨንት እና ኬተሪንግ,Corporate event planning,የኮርፖሬት ክስተት እቅድ ማውጣት,exact + prefix + fuzzy + synonym + Amharic + English transliteration,search/category results; not all shown on Home
S0661,Events & Catering,ኢቨንት እና ኬተሪንግ,Decoration,ማስጌጥ,exact + prefix + fuzzy + synonym + Amharic + English transliteration,search/category results; not all shown on Home
S0662,Events & Catering,ኢቨንት እና ኬተሪንግ,Wedding decoration,የሠርግ ማስጌጥ,exact + prefix + fuzzy + synonym + Amharic + English transliteration,search/category results; not all shown on Home
S0663,Events & Catering,ኢቨንት እና ኬተሪንግ,Birthday decoration,የልደት ማስጌጥ,exact + prefix + fuzzy + synonym + Amharic + English transliteration,search/category results; not all shown on Home
S0664,Events & Catering,ኢቨንት እና ኬተሪንግ,Balloon decoration,ፊኛ ማስጌጥ,exact + prefix + fuzzy + synonym + Amharic + English transliteration,search/category results; not all shown on Home
S0665,Events & Catering,ኢቨንት እና ኬተሪንግ,Stage decoration,የመድረክ ማስጌጥ,exact + prefix + fuzzy + synonym + Amharic + English transliteration,search/category results; not all shown on Home
S0666,Events & Catering,ኢቨንት እና ኬተሪንግ,Flower decoration,የአበባ ማስጌጥ,exact + prefix + fuzzy + synonym + Amharic + English transliteration,search/category results; not all shown on Home
S0667,Events & Catering,ኢቨንት እና ኬተሪንግ,Event furniture rental,የክስተት የቤት ዕቃዎች ኪራይ,exact + prefix + fuzzy + synonym + Amharic + English transliteration,search/category results; not all shown on Home
S0668,Events & Catering,ኢቨንት እና ኬተሪንግ,Chair rental,የወንበር ኪራይ,exact + prefix + fuzzy + synonym + Amharic + English transliteration,search/category results; not all shown on Home
S0669,Events & Catering,ኢቨንት እና ኬተሪንግ,Table rental,የጠረጴዛ ኪራይ,exact + prefix + fuzzy + synonym + Amharic + English transliteration,search/category results; not all shown on Home
S0670,Events & Catering,ኢቨንት እና ኬተሪንግ,Tent rental,የድንኳን ኪራይ,exact + prefix + fuzzy + synonym + Amharic + English transliteration,search/category results; not all shown on Home
S0671,Events & Catering,ኢቨንት እና ኬተሪንግ,Sound system rental,የድምጽ ስርዓት ኪራይ,exact + prefix + fuzzy + synonym + Amharic + English transliteration,search/category results; not all shown on Home
S0672,Events & Catering,ኢቨንት እና ኬተሪንግ,Lighting rental,የመብራት ኪራይ,exact + prefix + fuzzy + synonym + Amharic + English transliteration,search/category results; not all shown on Home
S0673,Events & Catering,ኢቨንት እና ኬተሪንግ,DJ service,የዲጄ አገልግሎት,exact + prefix + fuzzy + synonym + Amharic + English transliteration,search/category results; not all shown on Home
S0674,Events & Catering,ኢቨንት እና ኬተሪንግ,MC service,MC አገልግሎት,exact + prefix + fuzzy + synonym + Amharic + English transliteration,search/category results; not all shown on Home
S0675,Events & Catering,ኢቨንት እና ኬተሪንግ,Catering,የምግብ አቅርቦት,exact + prefix + fuzzy + synonym + Amharic + English transliteration,search/category results; not all shown on Home
S0676,Events & Catering,ኢቨንት እና ኬተሪንግ,Home catering,የቤት ውስጥ ምግብ አቅርቦት,exact + prefix + fuzzy + synonym + Amharic + English transliteration,search/category results; not all shown on Home
S0677,Events & Catering,ኢቨንት እና ኬተሪንግ,Office catering,የቢሮ ምግብ አቅርቦት,exact + prefix + fuzzy + synonym + Amharic + English transliteration,search/category results; not all shown on Home
S0678,Events & Catering,ኢቨንት እና ኬተሪንግ,Wedding catering,የሰርግ ዝግጅት,exact + prefix + fuzzy + synonym + Amharic + English transliteration,search/category results; not all shown on Home
S0679,Events & Catering,ኢቨንት እና ኬተሪንግ,Birthday catering,የልደት ምግብ,exact + prefix + fuzzy + synonym + Amharic + English transliteration,search/category results; not all shown on Home
S0680,Events & Catering,ኢቨንት እና ኬተሪንግ,Coffee service,የቡና አገልግሎት,exact + prefix + fuzzy + synonym + Amharic + English transliteration,search/category results; not all shown on Home
S0681,Events & Catering,ኢቨንት እና ኬተሪንግ,Waitstaff service,የጥበቃ አገልግሎት,exact + prefix + fuzzy + synonym + Amharic + English transliteration,search/category results; not all shown on Home
S0682,Events & Catering,ኢቨንት እና ኬተሪንግ,Event cleanup,የክስተት ማጽዳት,exact + prefix + fuzzy + synonym + Amharic + English transliteration,search/category results; not all shown on Home
S0683,Food & Cooking,ምግብ እና ምግብ ዝግጅት,Home chef,የቤት ውስጥ ሼፍ,exact + prefix + fuzzy + synonym + Amharic + English transliteration,search/category results; not all shown on Home
S0684,Food & Cooking,ምግብ እና ምግብ ዝግጅት,Meal preparation,የምግብ ዝግጅት,exact + prefix + fuzzy + synonym + Amharic + English transliteration,search/category results; not all shown on Home
S0685,Food & Cooking,ምግብ እና ምግብ ዝግጅት,Weekly meal prep,ሳምንታዊ የምግብ ዝግጅት,exact + prefix + fuzzy + synonym + Amharic + English transliteration,search/category results; not all shown on Home
S0686,Food & Cooking,ምግብ እና ምግብ ዝግጅት,Private cook,የግል ምግብ ማብሰል,exact + prefix + fuzzy + synonym + Amharic + English transliteration,search/category results; not all shown on Home
S0687,Food & Cooking,ምግብ እና ምግብ ዝግጅት,Traditional food cooking,ባህላዊ ምግብ ማብሰል,exact + prefix + fuzzy + synonym + Amharic + English transliteration,search/category results; not all shown on Home
S0688,Food & Cooking,ምግብ እና ምግብ ዝግጅት,Bakery service,የዳቦ መጋገሪያ አገልግሎት,exact + prefix + fuzzy + synonym + Amharic + English transliteration,search/category results; not all shown on Home
S0689,Food & Cooking,ምግብ እና ምግብ ዝግጅት,Cake making,ኬክ መሥራት,exact + prefix + fuzzy + synonym + Amharic + English transliteration,search/category results; not all shown on Home
S0690,Food & Cooking,ምግብ እና ምግብ ዝግጅት,Birthday cake,የልደት ኬክ,exact + prefix + fuzzy + synonym + Amharic + English transliteration,search/category results; not all shown on Home
S0691,Food & Cooking,ምግብ እና ምግብ ዝግጅት,Wedding cake,የሰርግ ኬክ,exact + prefix + fuzzy + synonym + Amharic + English transliteration,search/category results; not all shown on Home
S0692,Food & Cooking,ምግብ እና ምግብ ዝግጅት,Pastry making,ኬክ አሰራር,exact + prefix + fuzzy + synonym + Amharic + English transliteration,search/category results; not all shown on Home
S0693,Food & Cooking,ምግብ እና ምግብ ዝግጅት,Bread baking,ዳቦ መጋገር,exact + prefix + fuzzy + synonym + Amharic + English transliteration,search/category results; not all shown on Home
S0694,Food & Cooking,ምግብ እና ምግብ ዝግጅት,Food delivery,የምግብ አቅርቦት,exact + prefix + fuzzy + synonym + Amharic + English transliteration,search/category results; not all shown on Home
S0695,Food & Cooking,ምግብ እና ምግብ ዝግጅት,Office lunch preparation,የቢሮ ምሳ ዝግጅት,exact + prefix + fuzzy + synonym + Amharic + English transliteration,search/category results; not all shown on Home
S0696,Food & Cooking,ምግብ እና ምግብ ዝግጅት,Injera preparation,የእንጀራ ዝግጅት,exact + prefix + fuzzy + synonym + Amharic + English transliteration,search/category results; not all shown on Home
S0697,Food & Cooking,ምግብ እና ምግብ ዝግጅት,Catering preparation,የምግብ ዝግጅት,exact + prefix + fuzzy + synonym + Amharic + English transliteration,search/category results; not all shown on Home
S0698,Food & Cooking,ምግብ እና ምግብ ዝግጅት,Kitchen assistance,የወጥ ቤት እርዳታ,exact + prefix + fuzzy + synonym + Amharic + English transliteration,search/category results; not all shown on Home
S0699,Childcare & Elder Support,ልጆች እና አረጋውያን እንክብካቤ,Babysitting,የሕፃን እንክብካቤ,exact + prefix + fuzzy + synonym + Amharic + English transliteration,search/category results; not all shown on Home
S0700,Childcare & Elder Support,ልጆች እና አረጋውያን እንክብካቤ,Childcare at home,በቤት ውስጥ የልጆች እንክብካቤ,exact + prefix + fuzzy + synonym + Amharic + English transliteration,search/category results; not all shown on Home
S0701,Childcare & Elder Support,ልጆች እና አረጋውያን እንክብካቤ,After-school childcare,ከትምህርት በኋላ የልጅ እንክብካቤ,exact + prefix + fuzzy + synonym + Amharic + English transliteration,search/category results; not all shown on Home
S0702,Childcare & Elder Support,ልጆች እና አረጋውያን እንክብካቤ,Newborn care assistance,አዲስ ለተወለደ ሕፃን እንክብካቤ እርዳታ,exact + prefix + fuzzy + synonym + Amharic + English transliteration,search/category results; not all shown on Home
S0703,Childcare & Elder Support,ልጆች እና አረጋውያን እንክብካቤ,Elder companionship,የሽማግሌ ጓደኝነት,exact + prefix + fuzzy + synonym + Amharic + English transliteration,search/category results; not all shown on Home
S0704,Childcare & Elder Support,ልጆች እና አረጋውያን እንክብካቤ,Elder daily assistance,የሽማግሌዎች ዕለታዊ እርዳታ,exact + prefix + fuzzy + synonym + Amharic + English transliteration,search/category results; not all shown on Home
S0705,Childcare & Elder Support,ልጆች እና አረጋውያን እንክብካቤ,Household assistance for elderly,ለአረጋውያን የቤት ውስጥ እርዳታ,exact + prefix + fuzzy + synonym + Amharic + English transliteration,search/category results; not all shown on Home
S0706,Childcare & Elder Support,ልጆች እና አረጋውያን እንክብካቤ,School pickup service,የትምህርት ቤት የመሰብሰቢያ አገልግሎት,exact + prefix + fuzzy + synonym + Amharic + English transliteration,search/category results; not all shown on Home
S0707,Childcare & Elder Support,ልጆች እና አረጋውያን እንክብካቤ,Child activity supervision,የልጆች እንቅስቃሴ ቁጥጥር,exact + prefix + fuzzy + synonym + Amharic + English transliteration,search/category results; not all shown on Home
S0708,Childcare & Elder Support,ልጆች እና አረጋውያን እንክብካቤ,Pet sitting,የቤት እንስሳ ተቀምጧል,exact + prefix + fuzzy + synonym + Amharic + English transliteration,search/category results; not all shown on Home
S0709,Childcare & Elder Support,ልጆች እና አረጋውያን እንክብካቤ,Pet walking,የቤት እንስሳ መራመድ,exact + prefix + fuzzy + synonym + Amharic + English transliteration,search/category results; not all shown on Home
S0710,Childcare & Elder Support,ልጆች እና አረጋውያን እንክብካቤ,Pet feeding,የቤት እንስሳት መመገብ,exact + prefix + fuzzy + synonym + Amharic + English transliteration,search/category results; not all shown on Home
S0711,Childcare & Elder Support,ልጆች እና አረጋውያን እንክብካቤ,Pet grooming,የቤት እንስሳ አያያዝ,exact + prefix + fuzzy + synonym + Amharic + English transliteration,search/category results; not all shown on Home
S0712,Education & Tutoring,ትምህርት እና ቱቶሪያል,Math tutoring,የሂሳብ ትምህርት,exact + prefix + fuzzy + synonym + Amharic + English transliteration,search/category results; not all shown on Home
S0713,Education & Tutoring,ትምህርት እና ቱቶሪያል,Physics tutoring,የፊዚክስ ትምህርት,exact + prefix + fuzzy + synonym + Amharic + English transliteration,search/category results; not all shown on Home
S0714,Education & Tutoring,ትምህርት እና ቱቶሪያል,Chemistry tutoring,የኬሚስትሪ ትምህርት,exact + prefix + fuzzy + synonym + Amharic + English transliteration,search/category results; not all shown on Home
S0715,Education & Tutoring,ትምህርት እና ቱቶሪያል,Biology tutoring,የባዮሎጂ ትምህርት,exact + prefix + fuzzy + synonym + Amharic + English transliteration,search/category results; not all shown on Home
S0716,Education & Tutoring,ትምህርት እና ቱቶሪያል,English tutoring,የእንግሊዝኛ ትምህርት,exact + prefix + fuzzy + synonym + Amharic + English transliteration,search/category results; not all shown on Home
S0717,Education & Tutoring,ትምህርት እና ቱቶሪያል,Amharic tutoring,የአማርኛ ትምህርት,exact + prefix + fuzzy + synonym + Amharic + English transliteration,search/category results; not all shown on Home
S0718,Education & Tutoring,ትምህርት እና ቱቶሪያል,Computer tutoring,የኮምፒውተር ትምህርት,exact + prefix + fuzzy + synonym + Amharic + English transliteration,search/category results; not all shown on Home
S0719,Education & Tutoring,ትምህርት እና ቱቶሪያል,Programming tutoring,የፕሮግራሚንግ ትምህርት,exact + prefix + fuzzy + synonym + Amharic + English transliteration,search/category results; not all shown on Home
S0720,Education & Tutoring,ትምህርት እና ቱቶሪያል,Accounting tutoring,የሂሳብ አያያዝ ትምህርት,exact + prefix + fuzzy + synonym + Amharic + English transliteration,search/category results; not all shown on Home
S0721,Education & Tutoring,ትምህርት እና ቱቶሪያል,Business tutoring,የንግድ ትምህርት,exact + prefix + fuzzy + synonym + Amharic + English transliteration,search/category results; not all shown on Home
S0722,Education & Tutoring,ትምህርት እና ቱቶሪያል,Exam preparation,የፈተና ዝግጅት,exact + prefix + fuzzy + synonym + Amharic + English transliteration,search/category results; not all shown on Home
S0723,Education & Tutoring,ትምህርት እና ቱቶሪያል,Entrance exam tutoring,የመግቢያ ፈተና ትምህርት,exact + prefix + fuzzy + synonym + Amharic + English transliteration,search/category results; not all shown on Home
S0724,Education & Tutoring,ትምህርት እና ቱቶሪያል,Homework help,የቤት ስራ እገዛ,exact + prefix + fuzzy + synonym + Amharic + English transliteration,search/category results; not all shown on Home
S0725,Education & Tutoring,ትምህርት እና ቱቶሪያል,Primary school tutoring,የመጀመሪያ ደረጃ ትምህርት ቤት ትምህርት,exact + prefix + fuzzy + synonym + Amharic + English transliteration,search/category results; not all shown on Home
S0726,Education & Tutoring,ትምህርት እና ቱቶሪያል,Secondary school tutoring,የሁለተኛ ደረጃ ትምህርት ቤት ትምህርት,exact + prefix + fuzzy + synonym + Amharic + English transliteration,search/category results; not all shown on Home
S0727,Education & Tutoring,ትምህርት እና ቱቶሪያል,University tutoring,የዩኒቨርሲቲ ትምህርት,exact + prefix + fuzzy + synonym + Amharic + English transliteration,search/category results; not all shown on Home
S0728,Education & Tutoring,ትምህርት እና ቱቶሪያል,Music lessons,የሙዚቃ ትምህርቶች,exact + prefix + fuzzy + synonym + Amharic + English transliteration,search/category results; not all shown on Home
S0729,Education & Tutoring,ትምህርት እና ቱቶሪያል,Guitar lessons,የጊታር ትምህርቶች,exact + prefix + fuzzy + synonym + Amharic + English transliteration,search/category results; not all shown on Home
S0730,Education & Tutoring,ትምህርት እና ቱቶሪያል,Piano lessons,የፒያኖ ትምህርቶች,exact + prefix + fuzzy + synonym + Amharic + English transliteration,search/category results; not all shown on Home
S0731,Education & Tutoring,ትምህርት እና ቱቶሪያል,Drawing lessons,ትምህርቶችን መሳል,exact + prefix + fuzzy + synonym + Amharic + English transliteration,search/category results; not all shown on Home
S0732,Education & Tutoring,ትምህርት እና ቱቶሪያል,Language lessons,Language lessons,exact + prefix + fuzzy + synonym + Amharic + English transliteration,search/category results; not all shown on Home
S0733,Education & Tutoring,ትምህርት እና ቱቶሪያል,Public speaking coaching,Public speaking coaching,exact + prefix + fuzzy + synonym + Amharic + English transliteration,search/category results; not all shown on Home
S0734,Professional & Business Services,ሙያዊ እና የንግድ አገልግሎት,Accounting service,Accounting service,exact + prefix + fuzzy + synonym + Amharic + English transliteration,search/category results; not all shown on Home
S0735,Professional & Business Services,ሙያዊ እና የንግድ አገልግሎት,Bookkeeping,Bookkeeping,exact + prefix + fuzzy + synonym + Amharic + English transliteration,search/category results; not all shown on Home
S0736,Professional & Business Services,ሙያዊ እና የንግድ አገልግሎት,Tax preparation assistance,የግብር ዝግጅት እርዳታ,exact + prefix + fuzzy + synonym + Amharic + English transliteration,search/category results; not all shown on Home
S0737,Professional & Business Services,ሙያዊ እና የንግድ አገልግሎት,Business registration assistance,የንግድ ምዝገባ እርዳታ,exact + prefix + fuzzy + synonym + Amharic + English transliteration,search/category results; not all shown on Home
S0738,Professional & Business Services,ሙያዊ እና የንግድ አገልግሎት,Business plan preparation,የቢዝነስ እቅድ ዝግጅት,exact + prefix + fuzzy + synonym + Amharic + English transliteration,search/category results; not all shown on Home
S0739,Professional & Business Services,ሙያዊ እና የንግድ አገልግሎት,CV writing,CV መጻፍ,exact + prefix + fuzzy + synonym + Amharic + English transliteration,search/category results; not all shown on Home
S0740,Professional & Business Services,ሙያዊ እና የንግድ አገልግሎት,Resume editing,አርትዖት ከቆመበት ቀጥል,exact + prefix + fuzzy + synonym + Amharic + English transliteration,search/category results; not all shown on Home
S0741,Professional & Business Services,ሙያዊ እና የንግድ አገልግሎት,Cover letter writing,የሽፋን ደብዳቤ መጻፍ,exact + prefix + fuzzy + synonym + Amharic + English transliteration,search/category results; not all shown on Home
S0742,Professional & Business Services,ሙያዊ እና የንግድ አገልግሎት,Translation service,የትርጉም አገልግሎት,exact + prefix + fuzzy + synonym + Amharic + English transliteration,search/category results; not all shown on Home
S0743,Professional & Business Services,ሙያዊ እና የንግድ አገልግሎት,Amharic translation,የአማርኛ ትርጉም,exact + prefix + fuzzy + synonym + Amharic + English transliteration,search/category results; not all shown on Home
S0744,Professional & Business Services,ሙያዊ እና የንግድ አገልግሎት,English translation,የእንግሊዝኛ ትርጉም,exact + prefix + fuzzy + synonym + Amharic + English transliteration,search/category results; not all shown on Home
S0745,Professional & Business Services,ሙያዊ እና የንግድ አገልግሎት,Document typing,ሰነድ መተየብ,exact + prefix + fuzzy + synonym + Amharic + English transliteration,search/category results; not all shown on Home
S0746,Professional & Business Services,ሙያዊ እና የንግድ አገልግሎት,Data entry,የውሂብ ግቤት,exact + prefix + fuzzy + synonym + Amharic + English transliteration,search/category results; not all shown on Home
S0747,Professional & Business Services,ሙያዊ እና የንግድ አገልግሎት,Document formatting,የሰነድ ቅርጸት,exact + prefix + fuzzy + synonym + Amharic + English transliteration,search/category results; not all shown on Home
S0748,Professional & Business Services,ሙያዊ እና የንግድ አገልግሎት,Graphic design,ግራፊክ ዲዛይን,exact + prefix + fuzzy + synonym + Amharic + English transliteration,search/category results; not all shown on Home
S0749,Professional & Business Services,ሙያዊ እና የንግድ አገልግሎት,Logo design,አርማ ንድፍ,exact + prefix + fuzzy + synonym + Amharic + English transliteration,search/category results; not all shown on Home
S0750,Professional & Business Services,ሙያዊ እና የንግድ አገልግሎት,Business card design,የንግድ ካርድ ንድፍ,exact + prefix + fuzzy + synonym + Amharic + English transliteration,search/category results; not all shown on Home
S0751,Professional & Business Services,ሙያዊ እና የንግድ አገልግሎት,Social media design,የማህበራዊ ሚዲያ ንድፍ,exact + prefix + fuzzy + synonym + Amharic + English transliteration,search/category results; not all shown on Home
S0752,Professional & Business Services,ሙያዊ እና የንግድ አገልግሎት,Social media management,የማህበራዊ ሚዲያ አስተዳደር,exact + prefix + fuzzy + synonym + Amharic + English transliteration,search/category results; not all shown on Home
S0753,Professional & Business Services,ሙያዊ እና የንግድ አገልግሎት,Digital marketing,ዲጂታል ግብይት,exact + prefix + fuzzy + synonym + Amharic + English transliteration,search/category results; not all shown on Home
S0754,Professional & Business Services,ሙያዊ እና የንግድ አገልግሎት,Advertising setup,የማስታወቂያ ማዋቀር,exact + prefix + fuzzy + synonym + Amharic + English transliteration,search/category results; not all shown on Home
S0755,Professional & Business Services,ሙያዊ እና የንግድ አገልግሎት,Market research,የገበያ ጥናት,exact + prefix + fuzzy + synonym + Amharic + English transliteration,search/category results; not all shown on Home
S0756,Professional & Business Services,ሙያዊ እና የንግድ አገልግሎት,Customer survey setup,የደንበኛ ዳሰሳ ማዋቀር,exact + prefix + fuzzy + synonym + Amharic + English transliteration,search/category results; not all shown on Home
S0757,Professional & Business Services,ሙያዊ እና የንግድ አገልግሎት,Virtual assistant,ምናባዊ ረዳት,exact + prefix + fuzzy + synonym + Amharic + English transliteration,search/category results; not all shown on Home
S0758,Professional & Business Services,ሙያዊ እና የንግድ አገልግሎት,Administrative assistance,አስተዳደራዊ እርዳታ,exact + prefix + fuzzy + synonym + Amharic + English transliteration,search/category results; not all shown on Home
S0759,Professional & Business Services,ሙያዊ እና የንግድ አገልግሎት,Procurement assistance,የግዢ እገዛ,exact + prefix + fuzzy + synonym + Amharic + English transliteration,search/category results; not all shown on Home
S0760,Professional & Business Services,ሙያዊ እና የንግድ አገልግሎት,Inventory setup,የእቃ ማዋቀር,exact + prefix + fuzzy + synonym + Amharic + English transliteration,search/category results; not all shown on Home
S0761,Professional & Business Services,ሙያዊ እና የንግድ አገልግሎት,POS setup,የPOS ማዋቀር,exact + prefix + fuzzy + synonym + Amharic + English transliteration,search/category results; not all shown on Home
S0762,Legal & Documentation Assistance,ህጋዊ እና የሰነድ እገዛ,Document preparation assistance,የሰነድ ዝግጅት እገዛ,exact + prefix + fuzzy + synonym + Amharic + English transliteration,search/category results; not all shown on Home
S0763,Legal & Documentation Assistance,ህጋዊ እና የሰነድ እገዛ,Contract typing,የኮንትራት ትየባ,exact + prefix + fuzzy + synonym + Amharic + English transliteration,search/category results; not all shown on Home
S0764,Legal & Documentation Assistance,ህጋዊ እና የሰነድ እገዛ,Contract formatting,የኮንትራት ቅርጸት,exact + prefix + fuzzy + synonym + Amharic + English transliteration,search/category results; not all shown on Home
S0765,Legal & Documentation Assistance,ህጋዊ እና የሰነድ እገዛ,Affidavit typing assistance,የአፊዳቪት ትየባ እገዛ,exact + prefix + fuzzy + synonym + Amharic + English transliteration,search/category results; not all shown on Home
S0766,Legal & Documentation Assistance,ህጋዊ እና የሰነድ እገዛ,Application form assistance,የማመልከቻ ቅጽ እገዛ,exact + prefix + fuzzy + synonym + Amharic + English transliteration,search/category results; not all shown on Home
S0767,Legal & Documentation Assistance,ህጋዊ እና የሰነድ እገዛ,Government form assistance,የመንግስት ቅጽ እርዳታ,exact + prefix + fuzzy + synonym + Amharic + English transliteration,search/category results; not all shown on Home
S0768,Legal & Documentation Assistance,ህጋዊ እና የሰነድ እገዛ,Translation for documents,ለሰነዶች ትርጉም,exact + prefix + fuzzy + synonym + Amharic + English transliteration,search/category results; not all shown on Home
S0769,Legal & Documentation Assistance,ህጋዊ እና የሰነድ እገዛ,Document scanning,የሰነድ ቅኝት,exact + prefix + fuzzy + synonym + Amharic + English transliteration,search/category results; not all shown on Home
S0770,Legal & Documentation Assistance,ህጋዊ እና የሰነድ እገዛ,Document printing,ሰነድ ማተም,exact + prefix + fuzzy + synonym + Amharic + English transliteration,search/category results; not all shown on Home
S0771,Legal & Documentation Assistance,ህጋዊ እና የሰነድ እገዛ,Document photocopying,ሰነድ ፎቶ ኮፒ ማድረግ,exact + prefix + fuzzy + synonym + Amharic + English transliteration,search/category results; not all shown on Home
S0772,Legal & Documentation Assistance,ህጋዊ እና የሰነድ እገዛ,Notarization coordination,የኖታራይዜሽን ማስተባበር,exact + prefix + fuzzy + synonym + Amharic + English transliteration,search/category results; not all shown on Home
S0773,Legal & Documentation Assistance,ህጋዊ እና የሰነድ እገዛ,Business license application assistance,የንግድ ፈቃድ ማመልከቻ እገዛ,exact + prefix + fuzzy + synonym + Amharic + English transliteration,search/category results; not all shown on Home
S0774,Legal & Documentation Assistance,ህጋዊ እና የሰነድ እገዛ,Permit application assistance,የማመልከቻ እገዛን ይፍቀዱ,exact + prefix + fuzzy + synonym + Amharic + English transliteration,search/category results; not all shown on Home
S0775,Real Estate & Property,ሪል እስቴት እና ንብረት,Property inspection,የንብረት ምርመራ,exact + prefix + fuzzy + synonym + Amharic + English transliteration,search/category results; not all shown on Home
S0776,Real Estate & Property,ሪል እስቴት እና ንብረት,House inspection,የቤት ምርመራ,exact + prefix + fuzzy + synonym + Amharic + English transliteration,search/category results; not all shown on Home
S0777,Real Estate & Property,ሪል እስቴት እና ንብረት,Apartment inspection,የአፓርትመንት ምርመራ,exact + prefix + fuzzy + synonym + Amharic + English transliteration,search/category results; not all shown on Home
S0778,Real Estate & Property,ሪል እስቴት እና ንብረት,Rental property inspection,የኪራይ ንብረት ቁጥጥር,exact + prefix + fuzzy + synonym + Amharic + English transliteration,search/category results; not all shown on Home
S0779,Real Estate & Property,ሪል እስቴት እና ንብረት,Property photography,የንብረት ፎቶግራፍ ማንሳት,exact + prefix + fuzzy + synonym + Amharic + English transliteration,search/category results; not all shown on Home
S0780,Real Estate & Property,ሪል እስቴት እና ንብረት,Property listing preparation,የንብረት ዝርዝር ዝግጅት,exact + prefix + fuzzy + synonym + Amharic + English transliteration,search/category results; not all shown on Home
S0781,Real Estate & Property,ሪል እስቴት እና ንብረት,Tenant move-in inspection,የተከራይ የመግባት ምርመራ,exact + prefix + fuzzy + synonym + Amharic + English transliteration,search/category results; not all shown on Home
S0782,Real Estate & Property,ሪል እስቴት እና ንብረት,Tenant move-out inspection,የተከራይ መውጣት ፍተሻ,exact + prefix + fuzzy + synonym + Amharic + English transliteration,search/category results; not all shown on Home
S0783,Real Estate & Property,ሪል እስቴት እና ንብረት,Property management,የንብረት አስተዳደር,exact + prefix + fuzzy + synonym + Amharic + English transliteration,search/category results; not all shown on Home
S0784,Real Estate & Property,ሪል እስቴት እና ንብረት,Rental management,የኪራይ አስተዳደር,exact + prefix + fuzzy + synonym + Amharic + English transliteration,search/category results; not all shown on Home
S0785,Real Estate & Property,ሪል እስቴት እና ንብረት,Property maintenance coordination,የንብረት ጥገና ማስተባበር,exact + prefix + fuzzy + synonym + Amharic + English transliteration,search/category results; not all shown on Home
S0786,Real Estate & Property,ሪል እስቴት እና ንብረት,Building maintenance,የሕንፃ ጥገና,exact + prefix + fuzzy + synonym + Amharic + English transliteration,search/category results; not all shown on Home
S0787,Real Estate & Property,ሪል እስቴት እና ንብረት,Common-area maintenance,የጋራ-አካባቢ ጥገና,exact + prefix + fuzzy + synonym + Amharic + English transliteration,search/category results; not all shown on Home
S0788,Real Estate & Property,ሪል እስቴት እና ንብረት,Property cleaning coordination,የንብረት ጽዳት ማስተባበር,exact + prefix + fuzzy + synonym + Amharic + English transliteration,search/category results; not all shown on Home
S0789,Real Estate & Property,ሪል እስቴት እና ንብረት,Property security coordination,የንብረት ደህንነት ማስተባበር,exact + prefix + fuzzy + synonym + Amharic + English transliteration,search/category results; not all shown on Home
S0790,Furniture & Home Installation,የቤት እቃ መጫኛ ስራ,TV wall mounting,የቲቪ ግድግዳ መትከል,exact + prefix + fuzzy + synonym + Amharic + English transliteration,search/category results; not all shown on Home
S0791,Furniture & Home Installation,የቤት እቃ መጫኛ ስራ,Shelf installation,የመደርደሪያ መጫኛ,exact + prefix + fuzzy + synonym + Amharic + English transliteration,search/category results; not all shown on Home
S0792,Furniture & Home Installation,የቤት እቃ መጫኛ ስራ,Curtain rod installation,የመጋረጃ ዘንግ መትከል,exact + prefix + fuzzy + synonym + Amharic + English transliteration,search/category results; not all shown on Home
S0793,Furniture & Home Installation,የቤት እቃ መጫኛ ስራ,Curtain installation,መጋረጃ መትከል,exact + prefix + fuzzy + synonym + Amharic + English transliteration,search/category results; not all shown on Home
S0794,Furniture & Home Installation,የቤት እቃ መጫኛ ስራ,Picture hanging,ስዕል ማንጠልጠል,exact + prefix + fuzzy + synonym + Amharic + English transliteration,search/category results; not all shown on Home
S0795,Furniture & Home Installation,የቤት እቃ መጫኛ ስራ,Mirror installation,የመስታወት መትከል,exact + prefix + fuzzy + synonym + Amharic + English transliteration,search/category results; not all shown on Home
S0797,Furniture & Home Installation,የቤት እቃ መጫኛ ስራ,Bed assembly,የአልጋ ስብሰባ,exact + prefix + fuzzy + synonym + Amharic + English transliteration,search/category results; not all shown on Home
S0798,Furniture & Home Installation,የቤት እቃ መጫኛ ስራ,Desk assembly,የጠረጴዛ ስብሰባ,exact + prefix + fuzzy + synonym + Amharic + English transliteration,search/category results; not all shown on Home
S0799,Furniture & Home Installation,የቤት እቃ መጫኛ ስራ,Wardrobe assembly,የልብስ ማስቀመጫ ስብሰባ,exact + prefix + fuzzy + synonym + Amharic + English transliteration,search/category results; not all shown on Home
S0800,Furniture & Home Installation,የቤት እቃ መጫኛ ስራ,Kitchen cabinet installation,የወጥ ቤት ካቢኔ መጫኛ,exact + prefix + fuzzy + synonym + Amharic + English transliteration,search/category results; not all shown on Home
S0801,Furniture & Home Installation,የቤት እቃ መጫኛ ስራ,Appliance installation,የመሳሪያ መጫኛ,exact + prefix + fuzzy + synonym + Amharic + English transliteration,search/category results; not all shown on Home
S0802,Furniture & Home Installation,የቤት እቃ መጫኛ ስራ,Washing machine installation,የልብስ ማጠቢያ ማሽን መጫኛ,exact + prefix + fuzzy + synonym + Amharic + English transliteration,search/category results; not all shown on Home
S0803,Furniture & Home Installation,የቤት እቃ መጫኛ ስራ,Dishwasher installation,የእቃ ማጠቢያ መጫኛ,exact + prefix + fuzzy + synonym + Amharic + English transliteration,search/category results; not all shown on Home
S0804,Furniture & Home Installation,የቤት እቃ መጫኛ ስራ,Fridge installation,የማቀዝቀዣ መትከል,exact + prefix + fuzzy + synonym + Amharic + English transliteration,search/category results; not all shown on Home
S0805,Furniture & Home Installation,የቤት እቃ መጫኛ ስራ,Stove installation,ምድጃ መትከል,exact + prefix + fuzzy + synonym + Amharic + English transliteration,search/category results; not all shown on Home
S0806,Furniture & Home Installation,የቤት እቃ መጫኛ ስራ,Extractor hood installation,ኤክስትራክተር ኮፈኑን መጫን,exact + prefix + fuzzy + synonym + Amharic + English transliteration,search/category results; not all shown on Home
S0807,Transport & Driver Services,መጓጓዣ እና ሹፌር,Personal driver,የግል ሾፌር,exact + prefix + fuzzy + synonym + Amharic + English transliteration,search/category results; not all shown on Home
S0808,Transport & Driver Services,መጓጓዣ እና ሹፌር,Airport pickup,የአየር ማረፊያ ማንሳት,exact + prefix + fuzzy + synonym + Amharic + English transliteration,search/category results; not all shown on Home
S0809,Transport & Driver Services,መጓጓዣ እና ሹፌር,Airport drop-off,የአውሮፕላን ማረፊያ ማረፊያ,exact + prefix + fuzzy + synonym + Amharic + English transliteration,search/category results; not all shown on Home
S0810,Transport & Driver Services,መጓጓዣ እና ሹፌር,Hourly driver,የሰዓት ሹፌር,exact + prefix + fuzzy + synonym + Amharic + English transliteration,search/category results; not all shown on Home
S0811,Transport & Driver Services,መጓጓዣ እና ሹፌር,Event driver,የክስተት ሾፌር,exact + prefix + fuzzy + synonym + Amharic + English transliteration,search/category results; not all shown on Home
S0812,Transport & Driver Services,መጓጓዣ እና ሹፌር,School transport,የትምህርት ቤት መጓጓዣ,exact + prefix + fuzzy + synonym + Amharic + English transliteration,search/category results; not all shown on Home
S0813,Transport & Driver Services,መጓጓዣ እና ሹፌር,Corporate transport,የድርጅት ትራንስፖርት,exact + prefix + fuzzy + synonym + Amharic + English transliteration,search/category results; not all shown on Home
S0814,Transport & Driver Services,መጓጓዣ እና ሹፌር,Moving truck service,የሚንቀሳቀስ የጭነት መኪና አገልግሎት,exact + prefix + fuzzy + synonym + Amharic + English transliteration,search/category results; not all shown on Home
S0815,Transport & Driver Services,መጓጓዣ እና ሹፌር,Pickup truck service,የጭነት መኪና አገልግሎት,exact + prefix + fuzzy + synonym + Amharic + English transliteration,search/category results; not all shown on Home
S0816,Transport & Driver Services,መጓጓዣ እና ሹፌር,Minibus hire,የሚኒባስ ቅጥር,exact + prefix + fuzzy + synonym + Amharic + English transliteration,search/category results; not all shown on Home
S0817,Transport & Driver Services,መጓጓዣ እና ሹፌር,Bus hire,የአውቶቡስ ኪራይ,exact + prefix + fuzzy + synonym + Amharic + English transliteration,search/category results; not all shown on Home
S0818,Transport & Driver Services,መጓጓዣ እና ሹፌር,Motorcycle courier,የሞተር ሳይክል ተላላኪ,exact + prefix + fuzzy + synonym + Amharic + English transliteration,search/category results; not all shown on Home
S0819,Transport & Driver Services,መጓጓዣ እና ሹፌር,Driver for errands,ለስራ ሹፌር,exact + prefix + fuzzy + synonym + Amharic + English transliteration,search/category results; not all shown on Home
S0820,Transport & Driver Services,መጓጓዣ እና ሹፌር,Vehicle delivery service,የተሽከርካሪ ማጓጓዣ አገልግሎት,exact + prefix + fuzzy + synonym + Amharic + English transliteration,search/category results; not all shown on Home
S0821,Errands & Personal Assistance,የግል ስራ እና እገዛ,Grocery shopping,የግሮሰሪ ግብይት,exact + prefix + fuzzy + synonym + Amharic + English transliteration,search/category results; not all shown on Home
S0822,Errands & Personal Assistance,የግል ስራ እና እገዛ,Medicine pickup,መድሃኒት መውሰድ,exact + prefix + fuzzy + synonym + Amharic + English transliteration,search/category results; not all shown on Home
S0823,Errands & Personal Assistance,የግል ስራ እና እገዛ,Document pickup,ሰነድ ማንሳት,exact + prefix + fuzzy + synonym + Amharic + English transliteration,search/category results; not all shown on Home
S0824,Errands & Personal Assistance,የግል ስራ እና እገዛ,Document drop-off,ሰነድ መጣል,exact + prefix + fuzzy + synonym + Amharic + English transliteration,search/category results; not all shown on Home
S0825,Errands & Personal Assistance,የግል ስራ እና እገዛ,Queue assistance,የወረፋ እገዛ,exact + prefix + fuzzy + synonym + Amharic + English transliteration,search/category results; not all shown on Home
S0826,Errands & Personal Assistance,የግል ስራ እና እገዛ,Bill payment assistance,የሂሳብ ክፍያ እርዳታ,exact + prefix + fuzzy + synonym + Amharic + English transliteration,search/category results; not all shown on Home
S0827,Errands & Personal Assistance,የግል ስራ እና እገዛ,Shopping assistance,የግዢ እገዛ,exact + prefix + fuzzy + synonym + Amharic + English transliteration,search/category results; not all shown on Home
S0828,Errands & Personal Assistance,የግል ስራ እና እገዛ,Personal errands,የግል ተልእኮዎች,exact + prefix + fuzzy + synonym + Amharic + English transliteration,search/category results; not all shown on Home
S0829,Errands & Personal Assistance,የግል ስራ እና እገዛ,Home check-in service,የቤት ተመዝግቦ መግባት አገልግሎት,exact + prefix + fuzzy + synonym + Amharic + English transliteration,search/category results; not all shown on Home
S0830,Errands & Personal Assistance,የግል ስራ እና እገዛ,Key handover,ቁልፍ ርክክብ,exact + prefix + fuzzy + synonym + Amharic + English transliteration,search/category results; not all shown on Home
S0831,Errands & Personal Assistance,የግል ስራ እና እገዛ,House sitting,ቤት ተቀምጧል,exact + prefix + fuzzy + synonym + Amharic + English transliteration,search/category results; not all shown on Home
S0832,Errands & Personal Assistance,የግል ስራ እና እገዛ,Package receiving,ጥቅል መቀበል,exact + prefix + fuzzy + synonym + Amharic + English transliteration,search/category results; not all shown on Home
S0833,Errands & Personal Assistance,የግል ስራ እና እገዛ,Appointment booking assistance,የቀጠሮ ቦታ ማስያዝ እገዛ,exact + prefix + fuzzy + synonym + Amharic + English transliteration,search/category results; not all shown on Home
S0834,Errands & Personal Assistance,የግል ስራ እና እገዛ,Local research assistance,የአካባቢ ምርምር እርዳታ,exact + prefix + fuzzy + synonym + Amharic + English transliteration,search/category results; not all shown on Home
S0835,Health & Wellness (non-clinical),ጤና እና ደህንነት (የህክምና አይደለም),Fitness trainer,የአካል ብቃት አሰልጣኝ,exact + prefix + fuzzy + synonym + Amharic + English transliteration,search/category results; not all shown on Home
S0836,Health & Wellness (non-clinical),ጤና እና ደህንነት (የህክምና አይደለም),Yoga instructor,የዮጋ አስተማሪ,exact + prefix + fuzzy + synonym + Amharic + English transliteration,search/category results; not all shown on Home
S0837,Health & Wellness (non-clinical),ጤና እና ደህንነት (የህክምና አይደለም),Home workout coaching,የቤት ውስጥ የአካል ብቃት እንቅስቃሴ ስልጠና,exact + prefix + fuzzy + synonym + Amharic + English transliteration,search/category results; not all shown on Home
S0838,Health & Wellness (non-clinical),ጤና እና ደህንነት (የህክምና አይደለም),Nutrition coaching,የአመጋገብ ስልጠና,exact + prefix + fuzzy + synonym + Amharic + English transliteration,search/category results; not all shown on Home
S0839,Health & Wellness (non-clinical),ጤና እና ደህንነት (የህክምና አይደለም),Wellness coaching,የጤንነት ስልጠና,exact + prefix + fuzzy + synonym + Amharic + English transliteration,search/category results; not all shown on Home
S0840,Health & Wellness (non-clinical),ጤና እና ደህንነት (የህክምና አይደለም),Physiotherapy appointment coordination,የፊዚዮቴራፒ ቀጠሮ ማስተባበር,exact + prefix + fuzzy + synonym + Amharic + English transliteration,search/category results; not all shown on Home
S0841,Health & Wellness (non-clinical),ጤና እና ደህንነት (የህክምና አይደለም),Elder exercise assistance,የሽማግሌዎች የአካል ብቃት እንቅስቃሴ እገዛ,exact + prefix + fuzzy + synonym + Amharic + English transliteration,search/category results; not all shown on Home
S0842,Health & Wellness (non-clinical),ጤና እና ደህንነት (የህክምና አይደለም),Sports coaching,የስፖርት ማሰልጠኛ,exact + prefix + fuzzy + synonym + Amharic + English transliteration,search/category results; not all shown on Home
S0843,Health & Wellness (non-clinical),ጤና እና ደህንነት (የህክምና አይደለም),Running coach,ሩጫ አሰልጣኝ,exact + prefix + fuzzy + synonym + Amharic + English transliteration,search/category results; not all shown on Home
S0844,Health & Wellness (non-clinical),ጤና እና ደህንነት (የህክምና አይደለም),Swimming lessons,የመዋኛ ትምህርቶች,exact + prefix + fuzzy + synonym + Amharic + English transliteration,search/category results; not all shown on Home
S0846,Printing & Signage,ህትመት እና ሳይንጅ,Color printing,የቀለም ማተም,exact + prefix + fuzzy + synonym + Amharic + English transliteration,search/category results; not all shown on Home
S0847,Printing & Signage,ህትመት እና ሳይንጅ,Large-format printing,ትልቅ-ቅርጸት ማተም,exact + prefix + fuzzy + synonym + Amharic + English transliteration,search/category results; not all shown on Home
S0848,Printing & Signage,ህትመት እና ሳይንጅ,Banner printing,ባነር ማተም,exact + prefix + fuzzy + synonym + Amharic + English transliteration,search/category results; not all shown on Home
S0849,Printing & Signage,ህትመት እና ሳይንጅ,Poster printing,ፖስተር ማተም,exact + prefix + fuzzy + synonym + Amharic + English transliteration,search/category results; not all shown on Home
S0850,Printing & Signage,ህትመት እና ሳይንጅ,Business card printing,የንግድ ካርድ ማተም,exact + prefix + fuzzy + synonym + Amharic + English transliteration,search/category results; not all shown on Home
S0851,Printing & Signage,ህትመት እና ሳይንጅ,Sticker printing,ተለጣፊ ማተም,exact + prefix + fuzzy + synonym + Amharic + English transliteration,search/category results; not all shown on Home
S0852,Printing & Signage,ህትመት እና ሳይንጅ,Label printing,መለያ ማተም,exact + prefix + fuzzy + synonym + Amharic + English transliteration,search/category results; not all shown on Home
S0853,Printing & Signage,ህትመት እና ሳይንጅ,Signboard fabrication,የምልክት ሰሌዳ ማምረት,exact + prefix + fuzzy + synonym + Amharic + English transliteration,search/category results; not all shown on Home
S0854,Printing & Signage,ህትመት እና ሳይንጅ,Acrylic sign fabrication,አክሬሊክስ ምልክት ማምረት,exact + prefix + fuzzy + synonym + Amharic + English transliteration,search/category results; not all shown on Home
S0855,Printing & Signage,ህትመት እና ሳይንጅ,LED sign installation,የ LED ምልክት መጫኛ,exact + prefix + fuzzy + synonym + Amharic + English transliteration,search/category results; not all shown on Home
S0856,Printing & Signage,ህትመት እና ሳይንጅ,Vehicle branding,የተሽከርካሪ ብራንዲንግ,exact + prefix + fuzzy + synonym + Amharic + English transliteration,search/category results; not all shown on Home
S0857,Printing & Signage,ህትመት እና ሳይንጅ,Window branding,የመስኮት ብራንዲንግ,exact + prefix + fuzzy + synonym + Amharic + English transliteration,search/category results; not all shown on Home
S0858,Printing & Signage,ህትመት እና ሳይንጅ,T-shirt printing,ቲሸርት ማተም,exact + prefix + fuzzy + synonym + Amharic + English transliteration,search/category results; not all shown on Home
S0859,Printing & Signage,ህትመት እና ሳይንጅ,Embroidery,ጥልፍ ስራ,exact + prefix + fuzzy + synonym + Amharic + English transliteration,search/category results; not all shown on Home
S0860,Printing & Signage,ህትመት እና ሳይንጅ,Stamp making,ማህተም መስራት,exact + prefix + fuzzy + synonym + Amharic + English transliteration,search/category results; not all shown on Home
S0861,Industrial & Commercial Maintenance,ኢንዱስትሪ እና የንግድ ጥገና,Factory electrical maintenance,የፋብሪካ ኤሌክትሪክ ጥገና,exact + prefix + fuzzy + synonym + Amharic + English transliteration,search/category results; not all shown on Home
S0862,Industrial & Commercial Maintenance,ኢንዱስትሪ እና የንግድ ጥገና,Factory plumbing maintenance,የፋብሪካ የቧንቧ ጥገና,exact + prefix + fuzzy + synonym + Amharic + English transliteration,search/category results; not all shown on Home
S0863,Industrial & Commercial Maintenance,ኢንዱስትሪ እና የንግድ ጥገና,Warehouse maintenance,የመጋዘን ጥገና,exact + prefix + fuzzy + synonym + Amharic + English transliteration,search/category results; not all shown on Home
S0864,Industrial & Commercial Maintenance,ኢንዱስትሪ እና የንግድ ጥገና,Commercial refrigeration,የንግድ ማቀዝቀዣ,exact + prefix + fuzzy + synonym + Amharic + English transliteration,search/category results; not all shown on Home
S0865,Industrial & Commercial Maintenance,ኢንዱስትሪ እና የንግድ ጥገና,Commercial kitchen equipment repair,የንግድ የወጥ ቤት ዕቃዎች ጥገና,exact + prefix + fuzzy + synonym + Amharic + English transliteration,search/category results; not all shown on Home
S0866,Industrial & Commercial Maintenance,ኢንዱስትሪ እና የንግድ ጥገና,Industrial pump repair,የኢንዱስትሪ ፓምፕ ጥገና,exact + prefix + fuzzy + synonym + Amharic + English transliteration,search/category results; not all shown on Home
S0867,Industrial & Commercial Maintenance,ኢንዱስትሪ እና የንግድ ጥገና,Industrial motor repair,የኢንዱስትሪ ሞተር ጥገና,exact + prefix + fuzzy + synonym + Amharic + English transliteration,search/category results; not all shown on Home
S0868,Industrial & Commercial Maintenance,ኢንዱስትሪ እና የንግድ ጥገና,Motor rewinding,የሞተር መዞር,exact + prefix + fuzzy + synonym + Amharic + English transliteration,search/category results; not all shown on Home
S0869,Industrial & Commercial Maintenance,ኢንዱስትሪ እና የንግድ ጥገና,Compressor maintenance,Compressor maintenance,exact + prefix + fuzzy + synonym + Amharic + English transliteration,search/category results; not all shown on Home
S0870,Industrial & Commercial Maintenance,ኢንዱስትሪ እና የንግድ ጥገና,Air compressor repair,Air compressor repair,exact + prefix + fuzzy + synonym + Amharic + English transliteration,search/category results; not all shown on Home
S0871,Industrial & Commercial Maintenance,ኢንዱስትሪ እና የንግድ ጥገና,Boiler maintenance,የቦይለር ጥገና,exact + prefix + fuzzy + synonym + Amharic + English transliteration,search/category results; not all shown on Home
S0872,Industrial & Commercial Maintenance,ኢንዱስትሪ እና የንግድ ጥገና,Water treatment system maintenance,የውሃ አያያዝ ስርዓት ጥገና,exact + prefix + fuzzy + synonym + Amharic + English transliteration,search/category results; not all shown on Home
S0873,Industrial & Commercial Maintenance,ኢንዱስትሪ እና የንግድ ጥገና,Fire extinguisher servicing,የእሳት ማጥፊያ አገልግሎት,exact + prefix + fuzzy + synonym + Amharic + English transliteration,search/category results; not all shown on Home
S0874,Industrial & Commercial Maintenance,ኢንዱስትሪ እና የንግድ ጥገና,Fire alarm maintenance,የእሳት ማንቂያ ጥገና,exact + prefix + fuzzy + synonym + Amharic + English transliteration,search/category results; not all shown on Home
S0875,Industrial & Commercial Maintenance,ኢንዱስትሪ እና የንግድ ጥገና,Commercial generator maintenance,የንግድ ጀነሬተር ጥገና,exact + prefix + fuzzy + synonym + Amharic + English transliteration,search/category results; not all shown on Home
S0876,Industrial & Commercial Maintenance,ኢንዱስትሪ እና የንግድ ጥገና,Facility maintenance,የመገልገያ ጥገና,exact + prefix + fuzzy + synonym + Amharic + English transliteration,search/category results; not all shown on Home
S0877,Water & Sanitation,ውሃ እና ሳኒቴሽን,Borehole inspection,የጉድጓድ ጉድጓድ ምርመራ,exact + prefix + fuzzy + synonym + Amharic + English transliteration,search/category results; not all shown on Home
S0878,Water & Sanitation,ውሃ እና ሳኒቴሽን,Borehole pump repair,የጉድጓድ ፓምፕ ጥገና,exact + prefix + fuzzy + synonym + Amharic + English transliteration,search/category results; not all shown on Home
S0879,Water & Sanitation,ውሃ እና ሳኒቴሽን,Borehole pump installation,የውሃ ጉድጓድ ፓምፕ መትከል,exact + prefix + fuzzy + synonym + Amharic + English transliteration,search/category results; not all shown on Home
S0880,Water & Sanitation,ውሃ እና ሳኒቴሽን,Well cleaning,በደንብ ማጽዳት,exact + prefix + fuzzy + synonym + Amharic + English transliteration,search/category results; not all shown on Home
S0881,Water & Sanitation,ውሃ እና ሳኒቴሽን,Water tank installation,የውሃ ማጠራቀሚያ መትከል,exact + prefix + fuzzy + synonym + Amharic + English transliteration,search/category results; not all shown on Home
S0883,Water & Sanitation,ውሃ እና ሳኒቴሽን,Water filtration installation,የውሃ ማጣሪያ መትከል,exact + prefix + fuzzy + synonym + Amharic + English transliteration,search/category results; not all shown on Home
S0884,Water & Sanitation,ውሃ እና ሳኒቴሽን,Water purification maintenance,የውሃ ማጣሪያ ጥገና,exact + prefix + fuzzy + synonym + Amharic + English transliteration,search/category results; not all shown on Home
S0885,Water & Sanitation,ውሃ እና ሳኒቴሽን,Sewage system inspection,የፍሳሽ ማስወገጃ ሥርዓት ምርመራ,exact + prefix + fuzzy + synonym + Amharic + English transliteration,search/category results; not all shown on Home
S0886,Water & Sanitation,ውሃ እና ሳኒቴሽን,Septic tank emptying,የሴፕቲክ ማጠራቀሚያ ባዶ ማድረግ,exact + prefix + fuzzy + synonym + Amharic + English transliteration,search/category results; not all shown on Home
S0888,Water & Sanitation,ውሃ እና ሳኒቴሽን,Wastewater system maintenance,የፍሳሽ ማስወገጃ ሥርዓት ጥገና,exact + prefix + fuzzy + synonym + Amharic + English transliteration,search/category results; not all shown on Home
S0889,Other / Custom,ሌላ / ብጁ ጥያቄ,Handyman service,ሃንዲማን አገልግሎት,exact + prefix + fuzzy + synonym + Amharic + English transliteration,search/category results; not all shown on Home
S0890,Other / Custom,ሌላ / ብጁ ጥያቄ,General home repair,አጠቃላይ የቤት ጥገና,exact + prefix + fuzzy + synonym + Amharic + English transliteration,search/category results; not all shown on Home
S0891,Other / Custom,ሌላ / ብጁ ጥያቄ,General maintenance,አጠቃላይ ጥገና,exact + prefix + fuzzy + synonym + Amharic + English transliteration,search/category results; not all shown on Home
S0892,Other / Custom,ሌላ / ብጁ ጥያቄ,Installation service,የመጫኛ አገልግሎት,exact + prefix + fuzzy + synonym + Amharic + English transliteration,search/category results; not all shown on Home
S0893,Other / Custom,ሌላ / ብጁ ጥያቄ,Repair service,የጥገና አገልግሎት,exact + prefix + fuzzy + synonym + Amharic + English transliteration,search/category results; not all shown on Home
S0894,Other / Custom,ሌላ / ብጁ ጥያቄ,Inspection service,የፍተሻ አገልግሎት,exact + prefix + fuzzy + synonym + Amharic + English transliteration,search/category results; not all shown on Home
S0895,Other / Custom,ሌላ / ብጁ ጥያቄ,Assembly service,የመሰብሰቢያ አገልግሎት,exact + prefix + fuzzy + synonym + Amharic + English transliteration,search/category results; not all shown on Home
S0896,Other / Custom,ሌላ / ብጁ ጥያቄ,Cleaning service,የጽዳት አገልግሎት,exact + prefix + fuzzy + synonym + Amharic + English transliteration,search/category results; not all shown on Home
S0897,Other / Custom,ሌላ / ብጁ ጥያቄ,Delivery service,የማድረስ አገልግሎት,exact + prefix + fuzzy + synonym + Amharic + English transliteration,search/category results; not all shown on Home
S0898,Other / Custom,ሌላ / ብጁ ጥያቄ,Custom service request,ብጁ የአገልግሎት ጥያቄ,exact + prefix + fuzzy + synonym + Amharic + English transliteration,search/category results; not all shown on Home
S0898,Home Fixtures,የቤት መገጣጠሚያዎች,Install curtain rail,የመጋረጃ ሐዲድ ጫን,exact + prefix + fuzzy + synonym + Amharic + English transliteration,search/category results; not all shown on Home
S0899,Home Fixtures,የቤት መገጣጠሚያዎች,Repair curtain rail,የመጋረጃ ሀዲድ መጠገን,exact + prefix + fuzzy + synonym + Amharic + English transliteration,search/category results; not all shown on Home
S0900,Home Fixtures,የቤት መገጣጠሚያዎች,Install blinds,ዓይነ ስውራን ይጫኑ,exact + prefix + fuzzy + synonym + Amharic + English transliteration,search/category results; not all shown on Home
S0901,Home Fixtures,የቤት መገጣጠሚያዎች,Repair blinds,የዓይነ ስውራን መጠገን,exact + prefix + fuzzy + synonym + Amharic + English transliteration,search/category results; not all shown on Home
S0902,Home Fixtures,የቤት መገጣጠሚያዎች,Install towel rack,ፎጣ መደርደሪያን ይጫኑ,exact + prefix + fuzzy + synonym + Amharic + English transliteration,search/category results; not all shown on Home
S0903,Home Fixtures,የቤት መገጣጠሚያዎች,Install toilet paper holder,የሽንት ቤት ወረቀት መያዣን ይጫኑ,exact + prefix + fuzzy + synonym + Amharic + English transliteration,search/category results; not all shown on Home
S0904,Home Fixtures,የቤት መገጣጠሚያዎች,Install bathroom shelf,የመታጠቢያ ቤት መደርደሪያን ይጫኑ,exact + prefix + fuzzy + synonym + Amharic + English transliteration,search/category results; not all shown on Home
S0905,Home Fixtures,የቤት መገጣጠሚያዎች,Install coat hooks,ኮት መንጠቆዎችን ይጫኑ,exact + prefix + fuzzy + synonym + Amharic + English transliteration,search/category results; not all shown on Home
S0906,Home Fixtures,የቤት መገጣጠሚያዎች,Install door closer,በሩን በቅርበት ይጫኑ,exact + prefix + fuzzy + synonym + Amharic + English transliteration,search/category results; not all shown on Home
S0907,Home Fixtures,የቤት መገጣጠሚያዎች,Repair door closer,በሩን ይጠግኑ,exact + prefix + fuzzy + synonym + Amharic + English transliteration,search/category results; not all shown on Home
S0908,Home Fixtures,የቤት መገጣጠሚያዎች,Install door stopper,የበሩን ማቆሚያ ይጫኑ,exact + prefix + fuzzy + synonym + Amharic + English transliteration,search/category results; not all shown on Home
S0909,Home Fixtures,የቤት መገጣጠሚያዎች,Repair door lock,የበሩን መቆለፊያ ይጠግኑ,exact + prefix + fuzzy + synonym + Amharic + English transliteration,search/category results; not all shown on Home
S0910,Home Fixtures,የቤት መገጣጠሚያዎች,Replace door lock,የበሩን መቆለፊያ ይተኩ,exact + prefix + fuzzy + synonym + Amharic + English transliteration,search/category results; not all shown on Home
S0911,Home Fixtures,የቤት መገጣጠሚያዎች,Install cabinet hinges,የካቢኔ ማጠፊያዎችን ይጫኑ,exact + prefix + fuzzy + synonym + Amharic + English transliteration,search/category results; not all shown on Home
S0912,Home Fixtures,የቤት መገጣጠሚያዎች,Repair cabinet hinges,የካቢኔ ማጠፊያዎችን ይጠግኑ,exact + prefix + fuzzy + synonym + Amharic + English transliteration,search/category results; not all shown on Home
S0913,Water Pumps & Tanks,የውሃ ፓምፕ እና ታንክ,Install booster pump,የማጠናከሪያ ፓምፕ ይጫኑ,exact + prefix + fuzzy + synonym + Amharic + English transliteration,search/category results; not all shown on Home
S0914,Water Pumps & Tanks,የውሃ ፓምፕ እና ታንክ,Repair booster pump,የማጠናከሪያ ፓምፕን መጠገን,exact + prefix + fuzzy + synonym + Amharic + English transliteration,search/category results; not all shown on Home
S0915,Water Pumps & Tanks,የውሃ ፓምፕ እና ታንክ,Install submersible pump,የውሃ ውስጥ ፓምፕ ይጫኑ,exact + prefix + fuzzy + synonym + Amharic + English transliteration,search/category results; not all shown on Home
S0916,Water Pumps & Tanks,የውሃ ፓምፕ እና ታንክ,Repair submersible pump,የውሃ ውስጥ ፓምፕ መጠገን,exact + prefix + fuzzy + synonym + Amharic + English transliteration,search/category results; not all shown on Home
S0917,Water Pumps & Tanks,የውሃ ፓምፕ እና ታንክ,Replace pump impeller,የፓምፑን መትከያ ይተኩ,exact + prefix + fuzzy + synonym + Amharic + English transliteration,search/category results; not all shown on Home
S0918,Water Pumps & Tanks,የውሃ ፓምፕ እና ታንክ,Repair pump motor,የፓምፕ ሞተርን መጠገን,exact + prefix + fuzzy + synonym + Amharic + English transliteration,search/category results; not all shown on Home
S0919,Water Pumps & Tanks,የውሃ ፓምፕ እና ታንክ,Install float valve,ተንሳፋፊ ቫልቭ ይጫኑ,exact + prefix + fuzzy + synonym + Amharic + English transliteration,search/category results; not all shown on Home
S0920,Water Pumps & Tanks,የውሃ ፓምፕ እና ታንክ,Replace float valve,ተንሳፋፊ ቫልቭን ይተኩ,exact + prefix + fuzzy + synonym + Amharic + English transliteration,search/category results; not all shown on Home
S0921,Water Pumps & Tanks,የውሃ ፓምፕ እና ታንክ,Repair tank valve,ታንክ ቫልቭ መጠገን,exact + prefix + fuzzy + synonym + Amharic + English transliteration,search/category results; not all shown on Home
S0922,Water Pumps & Tanks,የውሃ ፓምፕ እና ታንክ,Replace tank valve,ታንክ ቫልቭ ተካ,exact + prefix + fuzzy + synonym + Amharic + English transliteration,search/category results; not all shown on Home
S0923,Water Pumps & Tanks,የውሃ ፓምፕ እና ታንክ,Install water-level sensor,የውሃ ደረጃ ዳሳሽ ጫን,exact + prefix + fuzzy + synonym + Amharic + English transliteration,search/category results; not all shown on Home
S0924,Water Pumps & Tanks,የውሃ ፓምፕ እና ታንክ,Repair water-level sensor,የውሃ ደረጃ ዳሳሽ መጠገን,exact + prefix + fuzzy + synonym + Amharic + English transliteration,search/category results; not all shown on Home
S0925,Water Pumps & Tanks,የውሃ ፓምፕ እና ታንክ,Install pressure switch,የግፊት መቀየሪያን ይጫኑ,exact + prefix + fuzzy + synonym + Amharic + English transliteration,search/category results; not all shown on Home
S0926,Water Pumps & Tanks,የውሃ ፓምፕ እና ታንክ,Repair pressure switch,የግፊት መቀየሪያን መጠገን,exact + prefix + fuzzy + synonym + Amharic + English transliteration,search/category results; not all shown on Home
S0927,Water Pumps & Tanks,የውሃ ፓምፕ እና ታንክ,Pump performance inspection,የፓምፕ አፈፃፀም ምርመራ,exact + prefix + fuzzy + synonym + Amharic + English transliteration,search/category results; not all shown on Home
S0928,Kitchen Services,የኩሽና አገልግሎት,Install kitchen extractor,የወጥ ቤት ማውጫ ጫን,exact + prefix + fuzzy + synonym + Amharic + English transliteration,search/category results; not all shown on Home
S0929,Kitchen Services,የኩሽና አገልግሎት,Repair kitchen extractor,የወጥ ቤት ማውጫን መጠገን,exact + prefix + fuzzy + synonym + Amharic + English transliteration,search/category results; not all shown on Home
S0930,Kitchen Services,የኩሽና አገልግሎት,Install kitchen countertop,የወጥ ቤት ጠረጴዛን ይጫኑ,exact + prefix + fuzzy + synonym + Amharic + English transliteration,search/category results; not all shown on Home
S0931,Kitchen Services,የኩሽና አገልግሎት,Repair kitchen countertop,የወጥ ቤት ጠረጴዛን ይጠግኑ,exact + prefix + fuzzy + synonym + Amharic + English transliteration,search/category results; not all shown on Home
S0932,Kitchen Services,የኩሽና አገልግሎት,Install kitchen backsplash,የወጥ ቤት ጀርባን ጫን,exact + prefix + fuzzy + synonym + Amharic + English transliteration,search/category results; not all shown on Home
S0933,Kitchen Services,የኩሽና አገልግሎት,Repair kitchen backsplash,የማእድ ቤት ጀርባን መጠገን,exact + prefix + fuzzy + synonym + Amharic + English transliteration,search/category results; not all shown on Home
S0934,Kitchen Services,የኩሽና አገልግሎት,Install kitchen faucet,የወጥ ቤት ቧንቧን ይጫኑ,exact + prefix + fuzzy + synonym + Amharic + English transliteration,search/category results; not all shown on Home
S0935,Kitchen Services,የኩሽና አገልግሎት,Repair kitchen faucet,የወጥ ቤት ቧንቧን ይጠግኑ,exact + prefix + fuzzy + synonym + Amharic + English transliteration,search/category results; not all shown on Home
S0936,Kitchen Services,የኩሽና አገልግሎት,Install gas regulator,የጋዝ መቆጣጠሪያን ይጫኑ,exact + prefix + fuzzy + synonym + Amharic + English transliteration,search/category results; not all shown on Home
S0937,Kitchen Services,የኩሽና አገልግሎት,Replace gas hose,የጋዝ ቧንቧን ይተኩ,exact + prefix + fuzzy + synonym + Amharic + English transliteration,search/category results; not all shown on Home
S0938,Kitchen Services,የኩሽና አገልግሎት,Repair gas connection,የጋዝ ግንኙነትን መጠገን,exact + prefix + fuzzy + synonym + Amharic + English transliteration,search/category results; not all shown on Home
S0939,Kitchen Services,የኩሽና አገልግሎት,Install kitchen shelving,የወጥ ቤት መደርደሪያን ይጫኑ,exact + prefix + fuzzy + synonym + Amharic + English transliteration,search/category results; not all shown on Home
S0940,Kitchen Services,የኩሽና አገልግሎት,Repair kitchen shelving,የወጥ ቤት መደርደሪያን መጠገን,exact + prefix + fuzzy + synonym + Amharic + English transliteration,search/category results; not all shown on Home
S0941,Kitchen Services,የኩሽና አገልግሎት,Install kitchen sink mixer,የወጥ ቤት ማጠቢያ ማደባለቅ ይጫኑ,exact + prefix + fuzzy + synonym + Amharic + English transliteration,search/category results; not all shown on Home
S0942,Kitchen Services,የኩሽና አገልግሎት,Replace kitchen sink mixer,የወጥ ቤት ማጠቢያ ማደባለቅ ይተኩ,exact + prefix + fuzzy + synonym + Amharic + English transliteration,search/category results; not all shown on Home
S0943,Bathroom Services,የመታጠቢያ ቤት አገልግሎት,Install bathroom mirror,የመታጠቢያ ቤት መስተዋት ይጫኑ,exact + prefix + fuzzy + synonym + Amharic + English transliteration,search/category results; not all shown on Home
S0944,Bathroom Services,የመታጠቢያ ቤት አገልግሎት,Repair bathroom mirror,የመታጠቢያ ቤቱን መስታወት ይጠግኑ,exact + prefix + fuzzy + synonym + Amharic + English transliteration,search/category results; not all shown on Home
S0945,Bathroom Services,የመታጠቢያ ቤት አገልግሎት,Install bathroom cabinet,የመታጠቢያ ቤት ካቢኔን ይጫኑ,exact + prefix + fuzzy + synonym + Amharic + English transliteration,search/category results; not all shown on Home
S0946,Bathroom Services,የመታጠቢያ ቤት አገልግሎት,Repair bathroom cabinet,የመታጠቢያ ቤት ካቢኔን ይጠግኑ,exact + prefix + fuzzy + synonym + Amharic + English transliteration,search/category results; not all shown on Home
S0947,Bathroom Services,የመታጠቢያ ቤት አገልግሎት,Install bathroom exhaust fan,የመታጠቢያ ቤቱን የጢስ ማውጫ ማራገቢያ ይጫኑ,exact + prefix + fuzzy + synonym + Amharic + English transliteration,search/category results; not all shown on Home
S0948,Bathroom Services,የመታጠቢያ ቤት አገልግሎት,Repair bathroom exhaust fan,የመታጠቢያ ቤቱን የጢስ ማውጫ ማራገቢያ መጠገን,exact + prefix + fuzzy + synonym + Amharic + English transliteration,search/category results; not all shown on Home
S0949,Bathroom Services,የመታጠቢያ ቤት አገልግሎት,Install shower curtain,የሻወር መጋረጃ ጫን,exact + prefix + fuzzy + synonym + Amharic + English transliteration,search/category results; not all shown on Home
S0950,Bathroom Services,የመታጠቢያ ቤት አገልግሎት,Install shower enclosure,የሻወር ማቀፊያን ይጫኑ,exact + prefix + fuzzy + synonym + Amharic + English transliteration,search/category results; not all shown on Home
S0951,Bathroom Services,የመታጠቢያ ቤት አገልግሎት,Repair shower enclosure,የሻወር ማቀፊያን ይጠግኑ,exact + prefix + fuzzy + synonym + Amharic + English transliteration,search/category results; not all shown on Home
S0952,Bathroom Services,የመታጠቢያ ቤት አገልግሎት,Replace bathroom tiles,የመታጠቢያ ገንዳዎችን ይተኩ,exact + prefix + fuzzy + synonym + Amharic + English transliteration,search/category results; not all shown on Home
S0953,Bathroom Services,የመታጠቢያ ቤት አገልግሎት,Repair bathroom tiles,የመታጠቢያ ገንዳዎችን ይጠግኑ,exact + prefix + fuzzy + synonym + Amharic + English transliteration,search/category results; not all shown on Home
S0954,Bathroom Services,የመታጠቢያ ቤት አገልግሎት,Replace toilet flush,የመጸዳጃ ቤት ማጠብን ይተኩ,exact + prefix + fuzzy + synonym + Amharic + English transliteration,search/category results; not all shown on Home
S0955,Bathroom Services,የመታጠቢያ ቤት አገልግሎት,Repair toilet flush,የመጸዳጃ ቤት ፍሳሽን ይጠግኑ,exact + prefix + fuzzy + synonym + Amharic + English transliteration,search/category results; not all shown on Home
S0956,Bathroom Services,የመታጠቢያ ቤት አገልግሎት,Replace shower head,የሻወር ጭንቅላትን ይተኩ,exact + prefix + fuzzy + synonym + Amharic + English transliteration,search/category results; not all shown on Home
S0957,Bathroom Services,የመታጠቢያ ቤት አገልግሎት,Repair shower head,የሻወር ጭንቅላትን መጠገን,exact + prefix + fuzzy + synonym + Amharic + English transliteration,search/category results; not all shown on Home
S0958,Doors & Locks,በሮች እና መቆለፊያዎች,Emergency door opening,የአደጋ ጊዜ በር መክፈቻ,exact + prefix + fuzzy + synonym + Amharic + English transliteration,search/category results; not all shown on Home
S0959,Doors & Locks,በሮች እና መቆለፊያዎች,Lock replacement,የመቆለፊያ ምትክ,exact + prefix + fuzzy + synonym + Amharic + English transliteration,search/category results; not all shown on Home
S0960,Doors & Locks,በሮች እና መቆለፊያዎች,Lock repair,የመቆለፊያ ጥገና,exact + prefix + fuzzy + synonym + Amharic + English transliteration,search/category results; not all shown on Home
S0961,Doors & Locks,በሮች እና መቆለፊያዎች,Key duplication,ቁልፍ ማባዛት።,exact + prefix + fuzzy + synonym + Amharic + English transliteration,search/category results; not all shown on Home
S0962,Doors & Locks,በሮች እና መቆለፊያዎች,Install deadbolt,ዴድቦልት ጫን,exact + prefix + fuzzy + synonym + Amharic + English transliteration,search/category results; not all shown on Home
S0963,Doors & Locks,በሮች እና መቆለፊያዎች,Repair deadbolt,የሟች ቦልትን ይጠግኑ,exact + prefix + fuzzy + synonym + Amharic + English transliteration,search/category results; not all shown on Home
S0964,Doors & Locks,በሮች እና መቆለፊያዎች,Install padlock,መቆለፊያን ጫን,exact + prefix + fuzzy + synonym + Amharic + English transliteration,search/category results; not all shown on Home
S0965,Doors & Locks,በሮች እና መቆለፊያዎች,Replace padlock,መቆለፊያን ይተኩ,exact + prefix + fuzzy + synonym + Amharic + English transliteration,search/category results; not all shown on Home
S0966,Doors & Locks,በሮች እና መቆለፊያዎች,Install door handle,የበሩን እጀታ ይጫኑ,exact + prefix + fuzzy + synonym + Amharic + English transliteration,search/category results; not all shown on Home
S0967,Doors & Locks,በሮች እና መቆለፊያዎች,Replace door handle,የበሩን እጀታ ይተኩ,exact + prefix + fuzzy + synonym + Amharic + English transliteration,search/category results; not all shown on Home
S0968,Doors & Locks,በሮች እና መቆለፊያዎች,Repair door hinge,የበሩን ማንጠልጠያ መጠገን,exact + prefix + fuzzy + synonym + Amharic + English transliteration,search/category results; not all shown on Home
S0969,Doors & Locks,በሮች እና መቆለፊያዎች,Replace door hinge,የበሩን ማንጠልጠያ ይተኩ,exact + prefix + fuzzy + synonym + Amharic + English transliteration,search/category results; not all shown on Home
S0970,Doors & Locks,በሮች እና መቆለፊያዎች,Install security door,የደህንነት በርን ይጫኑ,exact + prefix + fuzzy + synonym + Amharic + English transliteration,search/category results; not all shown on Home
S0971,Doors & Locks,በሮች እና መቆለፊያዎች,Repair security door,የደህንነት በርን መጠገን,exact + prefix + fuzzy + synonym + Amharic + English transliteration,search/category results; not all shown on Home
S0972,Doors & Locks,በሮች እና መቆለፊያዎች,Install access gate lock,የመዳረሻ በር መቆለፊያን ጫን,exact + prefix + fuzzy + synonym + Amharic + English transliteration,search/category results; not all shown on Home
S0973,Waste & Disposal,ቆሻሻ ማስወገጃ,Household waste removal,የቤት ውስጥ ቆሻሻን ማስወገድ,exact + prefix + fuzzy + synonym + Amharic + English transliteration,search/category results; not all shown on Home
S0974,Waste & Disposal,ቆሻሻ ማስወገጃ,Construction waste removal,የግንባታ ቆሻሻ ማስወገድ,exact + prefix + fuzzy + synonym + Amharic + English transliteration,search/category results; not all shown on Home
S0975,Waste & Disposal,ቆሻሻ ማስወገጃ,Old furniture removal,የድሮ የቤት እቃዎችን ማስወገድ,exact + prefix + fuzzy + synonym + Amharic + English transliteration,search/category results; not all shown on Home
S0976,Waste & Disposal,ቆሻሻ ማስወገጃ,Old appliance removal,የድሮ ዕቃዎችን ማስወገድ,exact + prefix + fuzzy + synonym + Amharic + English transliteration,search/category results; not all shown on Home
S0977,Waste & Disposal,ቆሻሻ ማስወገጃ,Garden waste removal,የአትክልት ቆሻሻ ማስወገድ,exact + prefix + fuzzy + synonym + Amharic + English transliteration,search/category results; not all shown on Home
S0978,Waste & Disposal,ቆሻሻ ማስወገጃ,Office waste removal,የቢሮ ቆሻሻ ማስወገድ,exact + prefix + fuzzy + synonym + Amharic + English transliteration,search/category results; not all shown on Home
S0979,Waste & Disposal,ቆሻሻ ማስወገጃ,Bulk waste pickup,የጅምላ ቆሻሻ ማንሳት,exact + prefix + fuzzy + synonym + Amharic + English transliteration,search/category results; not all shown on Home
S0980,Waste & Disposal,ቆሻሻ ማስወገጃ,Debris removal,ፍርስራሾችን ማስወገድ,exact + prefix + fuzzy + synonym + Amharic + English transliteration,search/category results; not all shown on Home
S0981,Waste & Disposal,ቆሻሻ ማስወገጃ,Scrap metal pickup,የቆሻሻ ብረት ማንሳት,exact + prefix + fuzzy + synonym + Amharic + English transliteration,search/category results; not all shown on Home
S0982,Waste & Disposal,ቆሻሻ ማስወገጃ,Electronic waste pickup,የኤሌክትሮኒክ ቆሻሻ ማንሳት,exact + prefix + fuzzy + synonym + Amharic + English transliteration,search/category results; not all shown on Home
S0983,Waste & Disposal,ቆሻሻ ማስወገጃ,Moving waste cleanup,የቆሻሻ ማጽዳትን ማንቀሳቀስ,exact + prefix + fuzzy + synonym + Amharic + English transliteration,search/category results; not all shown on Home
S0984,Waste & Disposal,ቆሻሻ ማስወገጃ,Post-renovation debris removal,ከተሃድሶ በኋላ ፍርስራሾችን ማስወገድ,exact + prefix + fuzzy + synonym + Amharic + English transliteration,search/category results; not all shown on Home
S0985,Office & Commercial,ቢሮ እና ንግድ,Office furniture assembly,የቢሮ ዕቃዎች ስብሰባ,exact + prefix + fuzzy + synonym + Amharic + English transliteration,search/category results; not all shown on Home
S0986,Office & Commercial,ቢሮ እና ንግድ,Office partition installation,የቢሮ ክፍልፍል መጫኛ,exact + prefix + fuzzy + synonym + Amharic + English transliteration,search/category results; not all shown on Home
S0987,Office & Commercial,ቢሮ እና ንግድ,Office relocation,የቢሮ ማዛወር,exact + prefix + fuzzy + synonym + Amharic + English transliteration,search/category results; not all shown on Home
S0988,Office & Commercial,ቢሮ እና ንግድ,Office equipment setup,የቢሮ ዕቃዎች ዝግጅት,exact + prefix + fuzzy + synonym + Amharic + English transliteration,search/category results; not all shown on Home
S0989,Office & Commercial,ቢሮ እና ንግድ,Meeting room setup,የስብሰባ ክፍል ማዋቀር,exact + prefix + fuzzy + synonym + Amharic + English transliteration,search/category results; not all shown on Home
S0990,Office & Commercial,ቢሮ እና ንግድ,Reception desk installation,የመቀበያ ጠረጴዛ መትከል,exact + prefix + fuzzy + synonym + Amharic + English transliteration,search/category results; not all shown on Home
S0991,Office & Commercial,ቢሮ እና ንግድ,Commercial shelving installation,የንግድ መደርደሪያ መትከል,exact + prefix + fuzzy + synonym + Amharic + English transliteration,search/category results; not all shown on Home
S0992,Office & Commercial,ቢሮ እና ንግድ,Warehouse shelving installation,የመጋዘን መደርደሪያ መትከል,exact + prefix + fuzzy + synonym + Amharic + English transliteration,search/category results; not all shown on Home
S0993,Office & Commercial,ቢሮ እና ንግድ,Store fixture installation,የማከማቻ ዕቃዎች መጫኛ,exact + prefix + fuzzy + synonym + Amharic + English transliteration,search/category results; not all shown on Home
S0994,Office & Commercial,ቢሮ እና ንግድ,POS counter installation,የPOS ቆጣሪ መጫኛ,exact + prefix + fuzzy + synonym + Amharic + English transliteration,search/category results; not all shown on Home
S0995,Office & Commercial,ቢሮ እና ንግድ,Office lighting upgrade,የቢሮ መብራት ማሻሻል,exact + prefix + fuzzy + synonym + Amharic + English transliteration,search/category results; not all shown on Home
S0997,Office & Commercial,ቢሮ እና ንግድ,Office CCTV installation,የቢሮ CCTV ጭነት,exact + prefix + fuzzy + synonym + Amharic + English transliteration,search/category results; not all shown on Home
S0998,Office & Commercial,ቢሮ እና ንግድ,Office access control installation,የቢሮ መዳረሻ መቆጣጠሪያ መጫኛ,exact + prefix + fuzzy + synonym + Amharic + English transliteration,search/category results; not all shown on Home
S0999,Office & Commercial,ቢሮ እና ንግድ,Office maintenance,የቢሮ ጥገና,exact + prefix + fuzzy + synonym + Amharic + English transliteration,search/category results; not all shown on Home
S1000,Hospitality & Restaurant,ሆቴል እና ምግብ ቤት,Restaurant kitchen equipment repair,የምግብ ቤት የወጥ ቤት እቃዎች ጥገና,exact + prefix + fuzzy + synonym + Amharic + English transliteration,search/category results; not all shown on Home
S1001,Hospitality & Restaurant,ሆቴል እና ምግብ ቤት,Restaurant refrigerator repair,የምግብ ቤት ማቀዝቀዣ ጥገና,exact + prefix + fuzzy + synonym + Amharic + English transliteration,search/category results; not all shown on Home
S1002,Hospitality & Restaurant,ሆቴል እና ምግብ ቤት,Restaurant freezer repair,የምግብ ቤት ማቀዝቀዣ ጥገና,exact + prefix + fuzzy + synonym + Amharic + English transliteration,search/category results; not all shown on Home
S1003,Hospitality & Restaurant,ሆቴል እና ምግብ ቤት,Restaurant exhaust cleaning,የምግብ ቤት የጭስ ማውጫ ማጽዳት,exact + prefix + fuzzy + synonym + Amharic + English transliteration,search/category results; not all shown on Home
S1004,Hospitality & Restaurant,ሆቴል እና ምግብ ቤት,Restaurant exhaust repair,የምግብ ቤት የጭስ ማውጫ ጥገና,exact + prefix + fuzzy + synonym + Amharic + English transliteration,search/category results; not all shown on Home
S1005,Hospitality & Restaurant,ሆቴል እና ምግብ ቤት,Restaurant plumbing maintenance,የምግብ ቤት የቧንቧ ጥገና,exact + prefix + fuzzy + synonym + Amharic + English transliteration,search/category results; not all shown on Home
S1006,Hospitality & Restaurant,ሆቴል እና ምግብ ቤት,Restaurant electrical maintenance,የምግብ ቤት የኤሌክትሪክ ጥገና,exact + prefix + fuzzy + synonym + Amharic + English transliteration,search/category results; not all shown on Home
S1007,Hospitality & Restaurant,ሆቴል እና ምግብ ቤት,Hotel room maintenance,የሆቴል ክፍል ጥገና,exact + prefix + fuzzy + synonym + Amharic + English transliteration,search/category results; not all shown on Home
S1008,Hospitality & Restaurant,ሆቴል እና ምግብ ቤት,Hotel AC maintenance,የሆቴል AC ጥገና,exact + prefix + fuzzy + synonym + Amharic + English transliteration,search/category results; not all shown on Home
S1009,Hospitality & Restaurant,ሆቴል እና ምግብ ቤት,Hotel plumbing maintenance,የሆቴል የቧንቧ ጥገና,exact + prefix + fuzzy + synonym + Amharic + English transliteration,search/category results; not all shown on Home
S1010,Hospitality & Restaurant,ሆቴል እና ምግብ ቤት,Hotel electrical maintenance,የሆቴል ኤሌክትሪክ ጥገና,exact + prefix + fuzzy + synonym + Amharic + English transliteration,search/category results; not all shown on Home
S1011,Hospitality & Restaurant,ሆቴል እና ምግብ ቤት,Hotel water heater maintenance,የሆቴል የውሃ ማሞቂያ ጥገና,exact + prefix + fuzzy + synonym + Amharic + English transliteration,search/category results; not all shown on Home
S1012,Hospitality & Restaurant,ሆቴል እና ምግብ ቤት,Guest-room furniture repair,የእንግዳ ማረፊያ የቤት ዕቃዎች ጥገና,exact + prefix + fuzzy + synonym + Amharic + English transliteration,search/category results; not all shown on Home
S1013,Hospitality & Restaurant,ሆቴል እና ምግብ ቤት,Commercial laundry machine repair,የንግድ የልብስ ማጠቢያ ማሽን ጥገና,exact + prefix + fuzzy + synonym + Amharic + English transliteration,search/category results; not all shown on Home
S1014,Hospitality & Restaurant,ሆቴል እና ምግብ ቤት,Restaurant deep cleaning,ምግብ ቤት ጥልቅ ጽዳት,exact + prefix + fuzzy + synonym + Amharic + English transliteration,search/category results; not all shown on Home
S1015,School & Institution,ትምህርት ቤት እና ተቋም,School electrical repair,የትምህርት ቤት የኤሌክትሪክ ጥገና,exact + prefix + fuzzy + synonym + Amharic + English transliteration,search/category results; not all shown on Home
S1016,School & Institution,ትምህርት ቤት እና ተቋም,School plumbing repair,የትምህርት ቤት የቧንቧ ጥገና,exact + prefix + fuzzy + synonym + Amharic + English transliteration,search/category results; not all shown on Home
S1017,School & Institution,ትምህርት ቤት እና ተቋም,School furniture repair,የትምህርት ቤት ዕቃዎች ጥገና,exact + prefix + fuzzy + synonym + Amharic + English transliteration,search/category results; not all shown on Home
S1018,School & Institution,ትምህርት ቤት እና ተቋም,School painting,የትምህርት ቤት ሥዕል,exact + prefix + fuzzy + synonym + Amharic + English transliteration,search/category results; not all shown on Home
S1020,School & Institution,ትምህርት ቤት እና ተቋም,School network setup,የትምህርት ቤት አውታረ መረብ ማዋቀር,exact + prefix + fuzzy + synonym + Amharic + English transliteration,search/category results; not all shown on Home
S1021,School & Institution,ትምህርት ቤት እና ተቋም,School CCTV installation,የትምህርት ቤት CCTV ጭነት,exact + prefix + fuzzy + synonym + Amharic + English transliteration,search/category results; not all shown on Home
S1022,School & Institution,ትምህርት ቤት እና ተቋም,School computer repair,የትምህርት ቤት ኮምፒተር ጥገና,exact + prefix + fuzzy + synonym + Amharic + English transliteration,search/category results; not all shown on Home
S1023,School & Institution,ትምህርት ቤት እና ተቋም,School printer repair,የትምህርት ቤት አታሚ ጥገና,exact + prefix + fuzzy + synonym + Amharic + English transliteration,search/category results; not all shown on Home
S1024,School & Institution,ትምህርት ቤት እና ተቋም,School generator maintenance,የትምህርት ቤት ጀነሬተር ጥገና,exact + prefix + fuzzy + synonym + Amharic + English transliteration,search/category results; not all shown on Home
S1025,School & Institution,ትምህርት ቤት እና ተቋም,School water tank maintenance,የትምህርት ቤት የውሃ ማጠራቀሚያ ጥገና,exact + prefix + fuzzy + synonym + Amharic + English transliteration,search/category results; not all shown on Home
S1026,School & Institution,ትምህርት ቤት እና ተቋም,School playground maintenance,የትምህርት ቤት መጫወቻ ቦታ ጥገና,exact + prefix + fuzzy + synonym + Amharic + English transliteration,search/category results; not all shown on Home
S1027,School & Institution,ትምህርት ቤት እና ተቋም,Institutional facility inspection,የተቋማት ተቋም ምርመራ,exact + prefix + fuzzy + synonym + Amharic + English transliteration,search/category results; not all shown on Home
S1028,Property Exterior,የንብረት ውጫዊ ስራ,Fence painting,አጥር መቀባት,exact + prefix + fuzzy + synonym + Amharic + English transliteration,search/category results; not all shown on Home
S1030,Property Exterior,የንብረት ውጫዊ ስራ,Gate painting,የበሩን ሥዕል,exact + prefix + fuzzy + synonym + Amharic + English transliteration,search/category results; not all shown on Home
S1031,Property Exterior,የንብረት ውጫዊ ስራ,Gate lubrication,የበር ቅባት,exact + prefix + fuzzy + synonym + Amharic + English transliteration,search/category results; not all shown on Home
S1032,Property Exterior,የንብረት ውጫዊ ስራ,Driveway repair,የመኪና መንገድ ጥገና,exact + prefix + fuzzy + synonym + Amharic + English transliteration,search/category results; not all shown on Home
S1033,Property Exterior,የንብረት ውጫዊ ስራ,Paving repair,ንጣፍ ጥገና,exact + prefix + fuzzy + synonym + Amharic + English transliteration,search/category results; not all shown on Home
S1034,Property Exterior,የንብረት ውጫዊ ስራ,Interlock paving,ጥልፍልፍ ንጣፍ,exact + prefix + fuzzy + synonym + Amharic + English transliteration,search/category results; not all shown on Home
S1035,Property Exterior,የንብረት ውጫዊ ስራ,Concrete paving,የኮንክሪት ንጣፍ,exact + prefix + fuzzy + synonym + Amharic + English transliteration,search/category results; not all shown on Home
S1036,Property Exterior,የንብረት ውጫዊ ስራ,Outdoor drain cleaning,ከቤት ውጭ የፍሳሽ ማስወገጃ,exact + prefix + fuzzy + synonym + Amharic + English transliteration,search/category results; not all shown on Home
S1037,Property Exterior,የንብረት ውጫዊ ስራ,Outdoor pipe repair,ከቤት ውጭ የቧንቧ ጥገና,exact + prefix + fuzzy + synonym + Amharic + English transliteration,search/category results; not all shown on Home
S1038,Property Exterior,የንብረት ውጫዊ ስራ,Exterior wall washing,የውጭ ግድግዳ ማጠቢያ,exact + prefix + fuzzy + synonym + Amharic + English transliteration,search/category results; not all shown on Home
S1039,Property Exterior,የንብረት ውጫዊ ስራ,Exterior wall repair,የውጭ ግድግዳ ጥገና,exact + prefix + fuzzy + synonym + Amharic + English transliteration,search/category results; not all shown on Home
S1040,Property Exterior,የንብረት ውጫዊ ስራ,Balcony repair,የበረንዳ ጥገና,exact + prefix + fuzzy + synonym + Amharic + English transliteration,search/category results; not all shown on Home
S1041,Property Exterior,የንብረት ውጫዊ ስራ,Balcony waterproofing,የበረንዳ ውሃ መከላከያ,exact + prefix + fuzzy + synonym + Amharic + English transliteration,search/category results; not all shown on Home
S1042,Property Exterior,የንብረት ውጫዊ ስራ,Compound cleanup,ውህድ ማጽዳት,exact + prefix + fuzzy + synonym + Amharic + English transliteration,search/category results; not all shown on Home
S1043,Professional Creative,የፈጠራ እና ሙያዊ አገልግሎት,Presentation design,የዝግጅት አቀራረብ ንድፍ,exact + prefix + fuzzy + synonym + Amharic + English transliteration,search/category results; not all shown on Home
S1044,Professional Creative,የፈጠራ እና ሙያዊ አገልግሎት,Flyer design,በራሪ ወረቀት ንድፍ,exact + prefix + fuzzy + synonym + Amharic + English transliteration,search/category results; not all shown on Home
S1045,Professional Creative,የፈጠራ እና ሙያዊ አገልግሎት,Brochure design,የብሮሹር ንድፍ,exact + prefix + fuzzy + synonym + Amharic + English transliteration,search/category results; not all shown on Home
S1046,Professional Creative,የፈጠራ እና ሙያዊ አገልግሎት,Menu design,የምናሌ ንድፍ,exact + prefix + fuzzy + synonym + Amharic + English transliteration,search/category results; not all shown on Home
S1047,Professional Creative,የፈጠራ እና ሙያዊ አገልግሎት,Certificate design,የምስክር ወረቀት ንድፍ,exact + prefix + fuzzy + synonym + Amharic + English transliteration,search/category results; not all shown on Home
S1048,Professional Creative,የፈጠራ እና ሙያዊ አገልግሎት,Invitation design,የግብዣ ንድፍ,exact + prefix + fuzzy + synonym + Amharic + English transliteration,search/category results; not all shown on Home
S1049,Professional Creative,የፈጠራ እና ሙያዊ አገልግሎት,Wedding invitation design,የሠርግ ግብዣ ንድፍ,exact + prefix + fuzzy + synonym + Amharic + English transliteration,search/category results; not all shown on Home
S1050,Professional Creative,የፈጠራ እና ሙያዊ አገልግሎት,Business proposal formatting,የንግድ ፕሮፖዛል ቅርጸት,exact + prefix + fuzzy + synonym + Amharic + English transliteration,search/category results; not all shown on Home
S1051,Professional Creative,የፈጠራ እና ሙያዊ አገልግሎት,Report formatting,ቅርጸትን ሪፖርት ያድርጉ,exact + prefix + fuzzy + synonym + Amharic + English transliteration,search/category results; not all shown on Home
S1052,Professional Creative,የፈጠራ እና ሙያዊ አገልግሎት,Spreadsheet cleanup,የተመን ሉህ ማጽዳት,exact + prefix + fuzzy + synonym + Amharic + English transliteration,search/category results; not all shown on Home
S1053,Professional Creative,የፈጠራ እና ሙያዊ አገልግሎት,Data visualization,የውሂብ ምስላዊ,exact + prefix + fuzzy + synonym + Amharic + English transliteration,search/category results; not all shown on Home
S1054,Professional Creative,የፈጠራ እና ሙያዊ አገልግሎት,Website content writing,የድር ጣቢያ ይዘት መጻፍ,exact + prefix + fuzzy + synonym + Amharic + English transliteration,search/category results; not all shown on Home
S1055,Professional Creative,የፈጠራ እና ሙያዊ አገልግሎት,Product description writing,የምርት መግለጫ ጽሑፍ,exact + prefix + fuzzy + synonym + Amharic + English transliteration,search/category results; not all shown on Home
S1056,Professional Creative,የፈጠራ እና ሙያዊ አገልግሎት,Social media content creation,የማህበራዊ ሚዲያ ይዘት መፍጠር,exact + prefix + fuzzy + synonym + Amharic + English transliteration,search/category results; not all shown on Home
S1057,Professional Creative,የፈጠራ እና ሙያዊ አገልግሎት,Video subtitle creation,የቪዲዮ ንዑስ ርዕስ መፍጠር,exact + prefix + fuzzy + synonym + Amharic + English transliteration,search/category results; not all shown on Home
S1058,Translation & Language,ትርጉም እና ቋንቋ,English to Amharic translation,ከእንግሊዝኛ ወደ አማርኛ ትርጉም,exact + prefix + fuzzy + synonym + Amharic + English transliteration,search/category results; not all shown on Home
S1059,Translation & Language,ትርጉም እና ቋንቋ,Amharic to English translation,ከአማርኛ ወደ እንግሊዝኛ ትርጉም,exact + prefix + fuzzy + synonym + Amharic + English transliteration,search/category results; not all shown on Home
S1060,Translation & Language,ትርጉም እና ቋንቋ,Oromo translation,የኦሮምኛ ትርጉም,exact + prefix + fuzzy + synonym + Amharic + English transliteration,search/category results; not all shown on Home
S1061,Translation & Language,ትርጉም እና ቋንቋ,Tigrinya translation,ትግሪኛ ትርጉም,exact + prefix + fuzzy + synonym + Amharic + English transliteration,search/category results; not all shown on Home
S1062,Translation & Language,ትርጉም እና ቋንቋ,Somali translation,የሶማሌኛ ትርጉም,exact + prefix + fuzzy + synonym + Amharic + English transliteration,search/category results; not all shown on Home
S1063,Translation & Language,ትርጉም እና ቋንቋ,Afaan Oromo translation,የአፋን ኦሮሞ ትርጉም,exact + prefix + fuzzy + synonym + Amharic + English transliteration,search/category results; not all shown on Home
S1064,Translation & Language,ትርጉም እና ቋንቋ,Document proofreading,የሰነድ ማረም,exact + prefix + fuzzy + synonym + Amharic + English transliteration,search/category results; not all shown on Home
S1065,Translation & Language,ትርጉም እና ቋንቋ,English proofreading,የእንግሊዝኛ ማረም,exact + prefix + fuzzy + synonym + Amharic + English transliteration,search/category results; not all shown on Home
S1066,Translation & Language,ትርጉም እና ቋንቋ,Amharic proofreading,የአማርኛ ንባብ,exact + prefix + fuzzy + synonym + Amharic + English transliteration,search/category results; not all shown on Home
S1067,Translation & Language,ትርጉም እና ቋንቋ,Technical translation,ቴክኒካዊ ትርጉም,exact + prefix + fuzzy + synonym + Amharic + English transliteration,search/category results; not all shown on Home
S1068,Translation & Language,ትርጉም እና ቋንቋ,Business translation,የንግድ ትርጉም,exact + prefix + fuzzy + synonym + Amharic + English transliteration,search/category results; not all shown on Home
S1069,Translation & Language,ትርጉም እና ቋንቋ,Website translation,የድር ጣቢያ ትርጉም,exact + prefix + fuzzy + synonym + Amharic + English transliteration,search/category results; not all shown on Home
S1070,Translation & Language,ትርጉም እና ቋንቋ,Subtitle translation,የትርጉም ጽሑፍ,exact + prefix + fuzzy + synonym + Amharic + English transliteration,search/category results; not all shown on Home
S1071,Translation & Language,ትርጉም እና ቋንቋ,Transcription service,የጽሑፍ ግልባጭ አገልግሎት,exact + prefix + fuzzy + synonym + Amharic + English transliteration,search/category results; not all shown on Home
S1072,Events Equipment,የኢቨንት መሳሪያ አገልግሎት,Projector rental setup,ፕሮጀክተር ኪራይ ማዋቀር,exact + prefix + fuzzy + synonym + Amharic + English transliteration,search/category results; not all shown on Home
S1073,Events Equipment,የኢቨንት መሳሪያ አገልግሎት,Projector installation,የፕሮጀክተር መጫኛ,exact + prefix + fuzzy + synonym + Amharic + English transliteration,search/category results; not all shown on Home
S1074,Events Equipment,የኢቨንት መሳሪያ አገልግሎት,Microphone setup,የማይክሮፎን ማዋቀር,exact + prefix + fuzzy + synonym + Amharic + English transliteration,search/category results; not all shown on Home
S1075,Events Equipment,የኢቨንት መሳሪያ አገልግሎት,Speaker setup,የድምጽ ማጉያ ማዋቀር,exact + prefix + fuzzy + synonym + Amharic + English transliteration,search/category results; not all shown on Home
S1076,Events Equipment,የኢቨንት መሳሪያ አገልግሎት,Stage assembly,የመድረክ ስብሰባ,exact + prefix + fuzzy + synonym + Amharic + English transliteration,search/category results; not all shown on Home
S1077,Events Equipment,የኢቨንት መሳሪያ አገልግሎት,Backdrop installation,Backdrop መጫን,exact + prefix + fuzzy + synonym + Amharic + English transliteration,search/category results; not all shown on Home
S1078,Events Equipment,የኢቨንት መሳሪያ አገልግሎት,Wedding seating setup,የሰርግ መቀመጫ ዝግጅት,exact + prefix + fuzzy + synonym + Amharic + English transliteration,search/category results; not all shown on Home
S1079,Events Equipment,የኢቨንት መሳሪያ አገልግሎት,Event tent setup,የክስተት ድንኳን ማዋቀር,exact + prefix + fuzzy + synonym + Amharic + English transliteration,search/category results; not all shown on Home
S1080,Events Equipment,የኢቨንት መሳሪያ አገልግሎት,Event power setup,የክስተት ኃይል ማዋቀር,exact + prefix + fuzzy + synonym + Amharic + English transliteration,search/category results; not all shown on Home
S1081,Events Equipment,የኢቨንት መሳሪያ አገልግሎት,Event generator setup,የክስተት ጀነሬተር ማዋቀር,exact + prefix + fuzzy + synonym + Amharic + English transliteration,search/category results; not all shown on Home
S1082,Events Equipment,የኢቨንት መሳሪያ አገልግሎት,Event photography booth,የክስተት ፎቶግራፊ ዳስ,exact + prefix + fuzzy + synonym + Amharic + English transliteration,search/category results; not all shown on Home
S1083,Events Equipment,የኢቨንት መሳሪያ አገልግሎት,Event registration desk setup,የክስተት ምዝገባ ዴስክ ማዋቀር,exact + prefix + fuzzy + synonym + Amharic + English transliteration,search/category results; not all shown on Home
S1084,Pet Services,የእንስሳት አገልግሎት,Dog walking,ውሻ መራመድ,exact + prefix + fuzzy + synonym + Amharic + English transliteration,search/category results; not all shown on Home
S1085,Pet Services,የእንስሳት አገልግሎት,Dog grooming,የውሻ እንክብካቤ,exact + prefix + fuzzy + synonym + Amharic + English transliteration,search/category results; not all shown on Home
S1086,Pet Services,የእንስሳት አገልግሎት,Cat grooming,የድመት ማበጠር,exact + prefix + fuzzy + synonym + Amharic + English transliteration,search/category results; not all shown on Home
S1087,Pet Services,የእንስሳት አገልግሎት,Pet bathing,የቤት እንስሳ መታጠብ,exact + prefix + fuzzy + synonym + Amharic + English transliteration,search/category results; not all shown on Home
S1088,Pet Services,የእንስሳት አገልግሎት,Pet nail trimming,የቤት እንስሳት ጥፍር መቁረጥ,exact + prefix + fuzzy + synonym + Amharic + English transliteration,search/category results; not all shown on Home
S1090,Pet Services,የእንስሳት አገልግሎት,Pet boarding coordination,የቤት እንስሳት የመሳፈሪያ ማስተባበር,exact + prefix + fuzzy + synonym + Amharic + English transliteration,search/category results; not all shown on Home
S1091,Pet Services,የእንስሳት አገልግሎት,Pet transport,የቤት እንስሳት መጓጓዣ,exact + prefix + fuzzy + synonym + Amharic + English transliteration,search/category results; not all shown on Home
S1092,Pet Services,የእንስሳት አገልግሎት,Pet supplies delivery,የቤት እንስሳ አቅርቦቶች,exact + prefix + fuzzy + synonym + Amharic + English transliteration,search/category results; not all shown on Home
S1093,Pet Services,የእንስሳት አገልግሎት,Pet area cleaning,የቤት እንስሳት አካባቢ ማጽዳት,exact + prefix + fuzzy + synonym + Amharic + English transliteration,search/category results; not all shown on Home
S1094,Miscellaneous,ልዩ እና ሌሎች አገልግሎቶች,Key handover service,ቁልፍ የርክክብ አገልግሎት,exact + prefix + fuzzy + synonym + Amharic + English transliteration,search/category results; not all shown on Home
S1095,Miscellaneous,ልዩ እና ሌሎች አገልግሎቶች,House inspection before purchase,ከመግዛቱ በፊት የቤት ምርመራ,exact + prefix + fuzzy + synonym + Amharic + English transliteration,search/category results; not all shown on Home
S1096,Miscellaneous,ልዩ እና ሌሎች አገልግሎቶች,House inspection before rental,ከኪራይ በፊት የቤት ምርመራ,exact + prefix + fuzzy + synonym + Amharic + English transliteration,search/category results; not all shown on Home
S1097,Miscellaneous,ልዩ እና ሌሎች አገልግሎቶች,Home maintenance visit,የቤት ጥገና ጉብኝት,exact + prefix + fuzzy + synonym + Amharic + English transliteration,search/category results; not all shown on Home
S1098,Miscellaneous,ልዩ እና ሌሎች አገልግሎቶች,Annual home maintenance inspection,ዓመታዊ የቤት ጥገና ምርመራ,exact + prefix + fuzzy + synonym + Amharic + English transliteration,search/category results; not all shown on Home
S1099,Miscellaneous,ልዩ እና ሌሎች አገልግሎቶች,Emergency handyman,የአደጋ ጊዜ ሰራተኛ,exact + prefix + fuzzy + synonym + Amharic + English transliteration,search/category results; not all shown on Home
S1100,Miscellaneous,ልዩ እና ሌሎች አገልግሎቶች,Weekend handyman,የሳምንት እረፍት ሰራተኛ,exact + prefix + fuzzy + synonym + Amharic + English transliteration,search/category results; not all shown on Home
S1101,Miscellaneous,ልዩ እና ሌሎች አገልግሎቶች,After-hours repair,ከሰዓታት በኋላ ጥገና,exact + prefix + fuzzy + synonym + Amharic + English transliteration,search/category results; not all shown on Home
S1102,Miscellaneous,ልዩ እና ሌሎች አገልግሎቶች,Same-day repair,በተመሳሳይ ቀን ጥገና,exact + prefix + fuzzy + synonym + Amharic + English transliteration,search/category results; not all shown on Home
S1103,Miscellaneous,ልዩ እና ሌሎች አገልግሎቶች,Scheduled maintenance visit,የታቀደ የጥገና ጉብኝት,exact + prefix + fuzzy + synonym + Amharic + English transliteration,search/category results; not all shown on Home
S1104,Miscellaneous,ልዩ እና ሌሎች አገልግሎቶች,Quote-only service visit,የጥቅስ-ብቻ የአገልግሎት ጉብኝት,exact + prefix + fuzzy + synonym + Amharic + English transliteration,search/category results; not all shown on Home
S1105,Miscellaneous,ልዩ እና ሌሎች አገልግሎቶች,Second-opinion repair inspection,የሁለተኛ-አስተያየት ጥገና ምርመራ,exact + prefix + fuzzy + synonym + Amharic + English transliteration,search/category results; not all shown on Home
S1106,Miscellaneous,ልዩ እና ሌሎች አገልግሎቶች,Multi-service home visit,ባለብዙ አገልግሎት የቤት ጉብኝት,exact + prefix + fuzzy + synonym + Amharic + English transliteration,search/category results; not all shown on Home
